edition,country_noc,bronze,gold,silver,total
2024 Summer Olympics,USA,95,134,101,330
1904 Summer Olympics,USA,80,79,85,244
1980 Summer Olympics,RUS,46,80,69,195
2024 Summer Olympics,FRA,39,53,95,187
1984 Summer Olympics,USA,30,82,61,173
2024 Summer Olympics,CHN,40,71,57,168
2024 Summer Olympics,GBR,80,40,42,162
1908 Summer Olympics,GBR,37,56,50,143
1988 Summer Olympics,RUS,46,54,31,131
1980 Summer Olympics,GDR,42,47,37,126
1976 Summer Olympics,RUS,35,49,41,125
2024 Summer Olympics,AUS,45,33,45,123
2016 Summer Olympics,USA,38,46,37,121
2024 Summer Olympics,NED,26,67,25,118
2024 Summer Olympics,GER,38,25,50,113
2020 Summer Olympics,USA,33,39,41,113
2008 Summer Olympics,USA,37,36,39,112
1992 Summer Olympics,EUN,29,45,38,112
1932 Summer Olympics,USA,30,44,36,110
1992 Summer Olympics,USA,37,37,34,108
1968 Summer Olympics,USA,34,45,28,107
1900 Summer Olympics,FRA,36,29,40,105
2012 Summer Olympics,USA,30,48,26,104
1960 Summer Olympics,RUS,31,43,29,103
1988 Summer Olympics,GDR,30,37,35,102
1996 Summer Olympics,USA,25,44,32,101
2004 Summer Olympics,USA,26,36,39,101
1936 Summer Olympics,GER,32,38,31,101
2008 Summer Olympics,CHN,30,48,22,100
1924 Summer Olympics,USA,27,45,27,99
1972 Summer Olympics,RUS,22,50,27,99
1956 Summer Olympics,RUS,32,37,29,98
1920 Summer Olympics,USA,27,41,27,95
1988 Summer Olympics,USA,27,36,31,94
1976 Summer Olympics,USA,25,34,35,94
1972 Summer Olympics,USA,30,33,31,94
1964 Summer Olympics,RUS,33,30,30,93
2012 Summer Olympics,CHN,22,39,31,92
2000 Summer Olympics,USA,31,36,24,91
1968 Summer Olympics,RUS,30,29,32,91
1964 Summer Olympics,USA,28,36,26,90
1976 Summer Olympics,GDR,25,40,25,90
2004 Summer Olympics,RUS,36,28,26,90
2020 Summer Olympics,CHN,19,38,32,89
2000 Summer Olympics,RUS,29,32,28,89
2024 Summer Olympics,ITA,28,31,29,88
1948 Summer Olympics,USA,19,38,27,84
2024 Summer Olympics,ESP,36,40,7,83
1992 Summer Olympics,GER,28,33,21,82
2024 Summer Olympics,JPN,24,27,31,82
1952 Summer Olympics,USA,17,40,19,76
1956 Summer Olympics,USA,17,32,25,74
1960 Summer Olympics,USA,16,34,21,71
2020 Summer Olympics,ROC,23,20,28,71
2016 Summer Olympics,CHN,26,26,18,70
1952 Summer Olympics,RUS,19,22,29,70
2016 Summer Olympics,GBR,17,27,23,67
2024 Summer Olympics,BRA,35,4,28,67
1972 Summer Olympics,GDR,23,20,23,66
2012 Summer Olympics,RUS,26,18,21,65
2012 Summer Olympics,GBR,18,29,18,65
1996 Summer Olympics,GER,27,20,18,65
1912 Summer Olympics,SWE,17,23,24,64
2020 Summer Olympics,GBR,22,22,20,64
1920 Summer Olympics,SWE,25,19,20,64
2004 Summer Olympics,CHN,14,32,17,63
1996 Summer Olympics,RUS,16,26,21,63
1912 Summer Olympics,USA,19,26,18,63
2008 Summer Olympics,RUS,23,24,13,60
1984 Summer Olympics,FRG,23,17,19,59
2020 Summer Olympics,JPN,17,27,14,58
2024 Summer Olympics,KOR,23,21,14,58
2000 Summer Olympics,AUS,17,16,25,58
2000 Summer Olympics,CHN,14,28,16,58
1936 Summer Olympics,USA,12,24,21,57
2024 Summer Olympics,CAN,14,14,29,57
1928 Summer Olympics,USA,16,22,18,56
2000 Summer Olympics,GER,26,13,17,56
2016 Summer Olympics,RUS,20,19,17,56
1992 Summer Olympics,CHN,15,16,22,53
1984 Summer Olympics,ROU,17,19,16,52
1900 Summer Olympics,USA,17,20,14,51
2008 Summer Olympics,GBR,19,19,13,51
2024 Summer Olympics,NZL,7,26,18,51
1964 Summer Olympics,GER,18,10,22,50
1996 Summer Olympics,CHN,12,16,22,50
2004 Summer Olympics,AUS,17,17,16,50
2004 Summer Olympics,GER,20,13,16,49
1908 Summer Olympics,USA,12,22,12,46
1948 Summer Olympics,SWE,18,17,11,46
2008 Summer Olympics,AUS,17,14,15,46
2020 Summer Olympics,AUS,22,17,7,46
1896 Summer Olympics,GRE,17,10,18,45
2012 Summer Olympics,GER,13,11,20,44
1984 Summer Olympics,CAN,16,10,18,44
1920 Summer Olympics,GBR,13,14,16,43
2008 Summer Olympics,FRA,20,7,16,43
2024 Summer Olympics,DEN,20,17,5,42
2016 Summer Olympics,GER,15,17,10,42
2016 Summer Olympics,FRA,14,10,18,42
1920 Summer Olympics,FRA,13,9,20,42
1960 Summer Olympics,GER,11,12,19,42
1920 Summer Olympics,BEL,14,16,12,42
1952 Summer Olympics,HUN,16,16,10,42
2016 Summer Olympics,JPN,21,12,8,41
1980 Summer Olympics,BUL,17,8,16,41
2008 Summer Olympics,GER,14,16,11,41
1912 Summer Olympics,GBR,16,10,15,41
1996 Summer Olympics,AUS,23,9,9,41
2020 Summer Olympics,ITA,20,10,10,40
1972 Summer Olympics,FRG,16,13,11,40
1924 Summer Olympics,FRA,12,14,14,40
1988 Summer Olympics,FRG,15,11,14,40
1976 Summer Olympics,FRG,17,10,12,39
1928 Summer Olympics,GER,19,11,9,39
2018 Winter Olympics,NOR,11,14,14,39
2012 Summer Olympics,JPN,17,7,14,38
2000 Summer Olympics,FRA,11,13,14,38
1900 Summer Olympics,GBR,9,20,9,38
1996 Summer Olympics,FRA,15,15,7,37
1924 Summer Olympics,FIN,10,14,13,37
2004 Summer Olympics,JPN,12,16,9,37
2020 Summer Olympics,GER,16,10,11,37
1984 Summer Olympics,GBR,21,5,11,37
2022 Winter Olympics,NOR,13,16,8,37
2010 Winter Olympics,USA,13,9,15,37
2002 Winter Olympics,GER,8,12,16,36
1932 Summer Olympics,ITA,12,12,12,36
1960 Summer Olympics,ITA,13,13,10,36
2020 Summer Olympics,NED,14,10,12,36
2012 Summer Olympics,AUS,12,8,15,35
1972 Summer Olympics,HUN,16,6,13,35
1924 Summer Olympics,GBR,12,9,14,35
1996 Summer Olympics,ITA,12,13,10,35
1952 Summer Olympics,SWE,10,12,13,35
1956 Summer Olympics,AUS,14,13,8,35
2012 Summer Olympics,FRA,13,11,11,35
1988 Summer Olympics,BUL,13,10,12,35
2000 Summer Olympics,ITA,13,13,8,34
2002 Winter Olympics,USA,11,10,13,34
1920 Summer Olympics,FIN,9,15,10,34
1988 Summer Olympics,KOR,11,12,10,33
2020 Summer Olympics,FRA,11,10,12,33
2004 Summer Olympics,FRA,13,11,9,33
2008 Summer Olympics,KOR,8,13,11,32
1980 Summer Olympics,HUN,15,7,10,32
2004 Summer Olympics,ITA,11,10,11,32
2022 Winter Olympics,ROC,14,6,12,32
1984 Summer Olympics,ITA,12,14,6,32
1984 Summer Olympics,CHN,9,15,8,32
1948 Summer Olympics,FRA,15,11,6,32
1980 Summer Olympics,POL,15,3,14,32
1968 Summer Olympics,HUN,12,10,10,32
1984 Summer Olympics,JPN,14,10,7,31
2018 Winter Olympics,GER,7,14,10,31
1992 Summer Olympics,CUB,11,14,6,31
1948 Summer Olympics,ITA,10,9,12,31
2024 Summer Olympics,HUN,10,9,12,31
2010 Winter Olympics,GER,7,10,13,30
2008 Summer Olympics,CUB,17,3,10,30
2004 Summer Olympics,GBR,12,9,9,30
2012 Summer Olympics,KOR,8,13,9,30
1992 Summer Olympics,HUN,7,11,12,30
2004 Summer Olympics,KOR,9,9,12,30
1992 Summer Olympics,FRA,16,8,5,29
1988 Winter Olympics,RUS,9,11,9,29
1998 Winter Olympics,GER,8,12,9,29
2006 Winter Olympics,GER,6,11,12,29
1920 Summer Olympics,NOR,9,10,10,29
2014 Winter Olympics,RUS,9,10,10,29
2016 Summer Olympics,AUS,10,8,11,29
1924 Summer Olympics,SWE,12,4,13,29
2000 Summer Olympics,CUB,7,11,11,29
2018 Winter Olympics,CAN,10,11,8,29
1964 Summer Olympics,JPN,8,16,5,29
2024 Summer Olympics,SRB,12,16,1,29
1972 Summer Olympics,JPN,8,13,8,29
2024 Summer Olympics,POL,11,1,16,28
2000 Summer Olympics,GBR,7,11,10,28
2016 Summer Olympics,ITA,8,8,12,28
2014 Winter Olympics,USA,10,9,9,28
2000 Summer Olympics,KOR,10,8,10,28
1988 Summer Olympics,CHN,12,5,11,28
2012 Summer Olympics,ITA,11,8,9,28
1984 Summer Olympics,FRA,16,5,7,28
1992 Summer Olympics,KOR,11,12,5,28
2008 Summer Olympics,ITA,10,8,9,27
1996 Summer Olympics,KOR,5,7,15,27
1992 Summer Olympics,AUS,11,7,9,27
1948 Summer Olympics,HUN,12,10,5,27
2004 Summer Olympics,CUB,11,9,7,27
1976 Winter Olympics,RUS,8,13,6,27
1964 Summer Olympics,ITA,7,10,10,27
1976 Summer Olympics,ROU,14,4,9,27
1948 Summer Olympics,GBR,7,4,16,27
2022 Winter Olympics,GER,5,12,10,27
1936 Summer Olympics,ITA,5,9,13,27
1994 Winter Olympics,NOR,5,10,11,26
2010 Winter Olympics,CAN,5,14,7,26
1992 Winter Olympics,GER,6,10,10,26
2022 Winter Olympics,CAN,14,4,8,26
1956 Summer Olympics,HUN,7,9,10,26
1912 Summer Olympics,GER,7,6,13,26
2000 Summer Olympics,ROU,9,11,6,26
1968 Summer Olympics,FRG,10,5,11,26
1976 Summer Olympics,POL,13,7,6,26
2014 Winter Olympics,NOR,9,11,6,26
1912 Summer Olympics,FIN,9,9,8,26
2014 Winter Olympics,CAN,5,10,10,25
2000 Summer Olympics,NED,4,12,9,25
2008 Summer Olympics,JPN,8,9,8,25
1908 Summer Olympics,SWE,11,8,6,25
1980 Summer Olympics,ROU,13,6,6,25
1924 Summer Olympics,SUI,10,7,8,25
1976 Summer Olympics,JPN,10,9,6,25
1928 Summer Olympics,FRA,6,7,12,25
1928 Summer Olympics,FIN,9,8,8,25
1968 Summer Olympics,JPN,7,11,7,25
1968 Summer Olympics,GDR,7,9,9,25
2006 Winter Olympics,USA,7,9,9,25
1928 Summer Olympics,SWE,12,7,6,25
1998 Winter Olympics,NOR,5,10,10,25
1920 Summer Olympics,ITA,5,14,6,25
1984 Winter Olympics,RUS,9,6,10,25
1932 Summer Olympics,FIN,12,5,8,25
2022 Winter Olympics,USA,7,8,10,25
1988 Winter Olympics,GDR,6,9,10,25
1996 Summer Olympics,CUB,8,9,8,25
2002 Winter Olympics,NOR,7,12,5,24
2014 Winter Olympics,NED,9,8,7,24
1964 Winter Olympics,RUS,6,11,7,24
2006 Winter Olympics,CAN,7,7,10,24
1984 Summer Olympics,AUS,12,4,8,24
1932 Summer Olympics,SWE,9,10,5,24
2020 Summer Olympics,CAN,10,7,7,24
1984 Winter Olympics,GDR,6,9,9,24
1932 Summer Olympics,GER,7,5,12,24
1988 Summer Olympics,ROU,6,7,11,24
1988 Summer Olympics,GBR,9,5,10,24
1952 Summer Olympics,GER,17,0,7,24
1994 Winter Olympics,GER,8,9,7,24
2006 Winter Olympics,AUT,7,9,7,23
1928 Summer Olympics,NED,5,8,10,23
1964 Summer Olympics,POL,10,7,6,23
1988 Summer Olympics,HUN,6,11,6,23
1996 Summer Olympics,UKR,12,9,2,23
2010 Winter Olympics,NOR,6,9,8,23
1980 Winter Olympics,GDR,7,9,7,23
1992 Winter Olympics,EUN,8,9,6,23
1994 Winter Olympics,RUS,4,11,8,23
2000 Summer Olympics,UKR,10,3,10,23
2018 Winter Olympics,USA,6,9,8,23
2024 Summer Olympics,NOR,4,18,1,23
2016 Summer Olympics,CAN,15,4,3,22
1992 Summer Olympics,JPN,11,3,8,22
1956 Summer Olympics,ITA,8,8,6,22
2004 Summer Olympics,UKR,9,8,5,22
1980 Winter Olympics,RUS,6,10,6,22
1964 Summer Olympics,HUN,5,10,7,22
2024 Summer Olympics,IND,21,0,1,22
1948 Summer Olympics,DEN,9,5,8,22
2006 Winter Olympics,RUS,8,8,6,22
1928 Summer Olympics,GBR,7,4,11,22
1948 Summer Olympics,SUI,5,5,12,22
2008 Summer Olympics,UKR,11,7,4,22
2024 Summer Olympics,RSA,14,1,7,22
1952 Summer Olympics,FIN,13,6,3,22
1992 Summer Olympics,ESP,2,13,7,22
1996 Summer Olympics,CAN,8,3,11,22
1976 Summer Olympics,HUN,13,4,5,22
1976 Summer Olympics,BUL,7,6,9,22
1960 Summer Olympics,AUS,6,8,8,22
1948 Summer Olympics,FIN,6,8,8,22
2004 Summer Olympics,NED,9,4,9,22
1972 Summer Olympics,POL,9,7,5,21
1936 Summer Olympics,SWE,10,6,5,21
2024 Summer Olympics,ROU,2,12,7,21
2020 Summer Olympics,BRA,8,7,6,21
1972 Summer Olympics,BUL,5,6,10,21
1952 Summer Olympics,ITA,4,8,9,21
1956 Summer Olympics,GBR,9,5,7,21
1960 Summer Olympics,HUN,7,6,8,21
1992 Winter Olympics,AUT,8,6,7,21
1996 Summer Olympics,HUN,10,7,4,21
1960 Summer Olympics,POL,11,4,6,21
1960 Winter Olympics,RUS,9,7,5,21
1980 Summer Olympics,GBR,9,5,7,21
2016 Summer Olympics,KOR,9,9,3,21
1928 Summer Olympics,ITA,7,7,6,20
1992 Winter Olympics,NOR,5,9,6,20
1980 Summer Olympics,CUB,5,8,7,20
2012 Summer Olympics,NED,8,6,6,20
2024 Summer Olympics,MAR,19,1,0,20
2018 Winter Olympics,NED,6,8,6,20
2024 Summer Olympics,CRO,3,3,14,20
1994 Winter Olympics,ITA,8,7,5,20
1960 Summer Olympics,GBR,12,2,6,20
1936 Summer Olympics,FIN,6,8,6,20
1936 Summer Olympics,JPN,10,6,4,20
2012 Summer Olympics,ESP,6,4,10,20
2008 Summer Olympics,CAN,8,3,9,20
1956 Summer Olympics,GER,6,4,10,20
1932 Summer Olympics,FRA,4,11,5,20
2020 Summer Olympics,KOR,10,6,4,20
2020 Summer Olympics,HUN,7,6,7,20
2020 Summer Olympics,NZL,7,7,6,20
1992 Summer Olympics,GBR,12,5,3,20
2004 Summer Olympics,ESP,6,3,11,20
2020 Summer Olympics,UKR,12,1,6,19
2006 Winter Olympics,NOR,9,2,8,19
1996 Summer Olympics,NED,10,4,5,19
2008 Summer Olympics,ESP,3,5,11,19
1992 Summer Olympics,ITA,8,6,5,19
1996 Summer Olympics,ROU,8,4,7,19
2024 Summer Olympics,ARG,16,1,2,19
2014 Winter Olympics,GER,5,8,6,19
2012 Summer Olympics,UKR,10,5,4,19
1976 Winter Olympics,GDR,7,7,5,19
1984 Summer Olympics,KOR,7,6,6,19
1936 Summer Olympics,FRA,6,7,6,19
1992 Summer Olympics,POL,10,3,6,19
1984 Summer Olympics,SWE,6,2,11,19
2016 Summer Olympics,NED,4,8,7,19
1896 Summer Olympics,USA,2,11,6,19
1908 Summer Olympics,FRA,9,5,5,19
2004 Summer Olympics,ROU,6,8,5,19
2016 Summer Olympics,BRA,6,7,6,19
1960 Summer Olympics,JPN,7,4,7,18
1932 Summer Olympics,JPN,4,7,7,18
2022 Winter Olympics,JPN,9,3,6,18
2012 Summer Olympics,CAN,10,2,6,18
1984 Summer Olympics,YUG,7,7,4,18
2016 Summer Olympics,NZL,5,4,9,18
1972 Summer Olympics,ITA,10,5,3,18
1964 Summer Olympics,AUS,10,6,2,18
2016 Summer Olympics,AZE,10,1,7,18
1972 Summer Olympics,GBR,9,4,5,18
1964 Summer Olympics,GBR,2,4,12,18
2012 Summer Olympics,HUN,6,8,4,18
1998 Winter Olympics,RUS,3,9,6,18
1992 Summer Olympics,ROU,8,4,6,18
2000 Summer Olympics,JPN,5,5,8,18
2022 Winter Olympics,SWE,5,8,5,18
1952 Summer Olympics,FRA,6,6,6,18
2022 Winter Olympics,AUT,4,7,7,18
1936 Summer Olympics,SUI,5,4,9,18
1900 Summer Olympics,BEL,6,6,6,18
1968 Summer Olympics,POL,11,5,2,18
1992 Summer Olympics,CAN,7,7,4,18
1928 Summer Olympics,SUI,4,7,6,17
1936 Summer Olympics,AUT,5,5,7,17
2008 Summer Olympics,BRA,10,3,4,17
2020 Summer Olympics,ESP,6,3,8,17
1956 Summer Olympics,JPN,3,4,10,17
2018 Winter Olympics,KOR,4,5,8,17
1998 Winter Olympics,AUT,9,3,5,17
1924 Winter Olympics,NOR,6,4,7,17
2018 Winter Olympics,ROC,9,2,6,17
1968 Summer Olympics,AUS,5,5,7,17
2002 Winter Olympics,CAN,7,7,3,17
2002 Winter Olympics,AUT,10,3,4,17
2000 Summer Olympics,BLR,11,3,3,17
2014 Winter Olympics,AUT,5,4,8,17
2016 Summer Olympics,KAZ,10,2,5,17
2004 Summer Olympics,HUN,3,8,6,17
1932 Summer Olympics,GBR,5,5,7,17
2022 Winter Olympics,NED,4,8,5,17
2022 Winter Olympics,ITA,8,2,7,17
2012 Summer Olympics,BRA,9,3,5,17
1996 Summer Olympics,POL,5,7,5,17
1996 Summer Olympics,ESP,6,5,6,17
1936 Summer Olympics,NED,7,6,4,17
2016 Summer Olympics,ESP,6,7,4,17
2000 Summer Olympics,HUN,3,8,6,17
1972 Summer Olympics,AUS,2,8,7,17
1932 Summer Olympics,CAN,9,2,5,16
1952 Winter Olympics,NOR,6,7,3,16
1988 Summer Olympics,POL,9,2,5,16
1956 Summer Olympics,SWE,6,5,5,16
1936 Summer Olympics,HUN,5,10,1,16
1948 Summer Olympics,NED,9,5,2,16
1968 Summer Olympics,ITA,9,3,4,16
2008 Summer Olympics,KEN,6,6,4,16
2024 Summer Olympics,SWE,4,5,7,16
1908 Summer Olympics,CAN,10,3,3,16
1924 Summer Olympics,ITA,5,8,3,16
2008 Summer Olympics,NED,4,7,5,16
2010 Winter Olympics,AUT,6,4,6,16
1972 Summer Olympics,SWE,6,4,6,16
1972 Summer Olympics,ROU,7,3,6,16
2004 Summer Olympics,GRE,4,6,6,16
1932 Summer Olympics,HUN,5,6,5,16
1988 Summer Olympics,FRA,6,6,4,16
1992 Summer Olympics,BUL,6,3,7,16
2024 Summer Olympics,UKR,4,6,6,16
1972 Winter Olympics,RUS,3,8,5,16
1956 Winter Olympics,RUS,6,6,3,15
2012 Summer Olympics,CUB,7,5,3,15
1988 Winter Olympics,SUI,5,5,5,15
1956 Summer Olympics,FIN,11,3,1,15
2022 Winter Olympics,SUI,6,7,2,15
1980 Summer Olympics,ITA,4,8,3,15
1964 Summer Olympics,FRA,6,1,8,15
2014 Winter Olympics,FRA,7,4,4,15
2016 Summer Olympics,DEN,7,2,6,15
1968 Summer Olympics,ROU,5,4,6,15
2014 Winter Olympics,SWE,6,2,7,15
2020 Summer Olympics,CUB,5,7,3,15
2010 Winter Olympics,RUS,7,3,5,15
1996 Summer Olympics,BLR,8,1,6,15
1996 Summer Olympics,BUL,5,3,7,15
2016 Summer Olympics,HUN,4,8,3,15
1968 Summer Olympics,FRA,5,7,3,15
2022 Winter Olympics,CHN,2,9,4,15
1996 Summer Olympics,BRA,9,3,3,15
1936 Winter Olympics,NOR,3,7,5,15
1928 Summer Olympics,CAN,7,4,4,15
1996 Summer Olympics,GBR,6,1,8,15
1998 Winter Olympics,CAN,4,6,5,15
2018 Winter Olympics,SUI,4,5,6,15
1964 Winter Olympics,NOR,6,3,6,15
1992 Summer Olympics,NED,7,2,6,15
1928 Winter Olympics,NOR,5,6,4,15
1912 Summer Olympics,FRA,3,7,5,15
2018 Winter Olympics,FRA,6,5,4,15
1980 Summer Olympics,TCH,9,2,3,14
2020 Summer Olympics,POL,5,4,5,14
1992 Winter Olympics,ITA,4,4,6,14
1904 Summer Olympics,GER,5,5,4,14
1972 Winter Olympics,GDR,7,4,3,14
2010 Winter Olympics,KOR,2,6,6,14
2000 Summer Olympics,POL,3,6,5,14
1952 Summer Olympics,SUI,6,2,6,14
1988 Summer Olympics,JPN,7,4,3,14
1956 Summer Olympics,FRA,6,4,4,14
2008 Summer Olympics,BLR,7,3,4,14
1988 Summer Olympics,ITA,4,6,4,14
1968 Winter Olympics,NOR,2,6,6,14
1964 Summer Olympics,TCH,3,5,6,14
2018 Winter Olympics,AUT,6,5,3,14
1980 Summer Olympics,FRA,3,6,5,14
1996 Summer Olympics,JPN,5,3,6,14
2006 Winter Olympics,SUI,5,5,4,14
2022 Winter Olympics,FRA,2,5,7,14
1896 Summer Olympics,GER,2,7,5,14
2024 Summer Olympics,FIJ,0,0,14,14
1936 Summer Olympics,GBR,3,4,7,14
2006 Winter Olympics,SWE,5,7,2,14
2000 Summer Olympics,CAN,8,3,3,14
2018 Winter Olympics,SWE,1,7,6,14
1988 Summer Olympics,AUS,5,3,6,14
2020 Summer Olympics,TUR,9,2,2,13
1952 Summer Olympics,TCH,3,7,3,13
1908 Summer Olympics,GER,5,3,5,13
1988 Summer Olympics,NZL,8,3,2,13
2024 Summer Olympics,UZB,3,8,2,13
1994 Winter Olympics,USA,2,6,5,13
1968 Winter Olympics,RUS,3,5,5,13
1976 Summer Olympics,GBR,5,3,5,13
1972 Summer Olympics,FRA,7,2,4,13
1968 Summer Olympics,TCH,4,7,2,13
1968 Summer Olympics,GBR,3,5,5,13
2002 Winter Olympics,ITA,5,4,4,13
2002 Winter Olympics,RUS,4,5,4,13
2004 Summer Olympics,BLR,6,2,5,13
2000 Summer Olympics,BUL,2,5,6,13
2018 Winter Olympics,JPN,4,4,5,13
1948 Summer Olympics,AUS,5,2,6,13
2012 Summer Olympics,JAM,4,4,5,13
2012 Summer Olympics,KEN,7,2,4,13
1994 Winter Olympics,CAN,4,3,6,13
2012 Summer Olympics,IRI,1,7,5,13
1956 Summer Olympics,ROU,5,5,3,13
1998 Winter Olympics,USA,4,6,3,13
1976 Summer Olympics,CUB,3,6,4,13
1976 Summer Olympics,ITA,4,2,7,13
2012 Summer Olympics,NZL,5,6,2,13
2016 Summer Olympics,KEN,1,6,6,13
1984 Winter Olympics,FIN,6,4,3,13
1984 Summer Olympics,NED,6,5,2,13
2020 Summer Olympics,SUI,6,3,4,13
1920 Summer Olympics,DEN,1,3,9,13
2016 Summer Olympics,UZB,7,4,2,13
2000 Summer Olympics,GRE,3,4,6,13
1924 Summer Olympics,BEL,3,3,7,13
2000 Summer Olympics,SWE,3,4,5,12
2004 Summer Olympics,CAN,3,3,6,12
2004 Summer Olympics,BUL,9,2,1,12
1998 Winter Olympics,FIN,6,2,4,12
1964 Summer Olympics,ROU,6,2,4,12
1992 Summer Olympics,SWE,4,1,7,12
2000 Summer Olympics,BRA,6,0,6,12
1912 Summer Olympics,DEN,5,1,6,12
1984 Summer Olympics,FIN,6,4,2,12
2024 Summer Olympics,IRI,3,3,6,12
1964 Winter Olympics,AUT,3,4,5,12
1980 Summer Olympics,SWE,6,3,3,12
1980 Winter Olympics,USA,2,6,4,12
1972 Winter Olympics,NOR,5,2,5,12
1948 Summer Olympics,TUR,2,6,4,12
2020 Summer Olympics,TPE,6,2,4,12
1932 Winter Olympics,USA,2,6,4,12
1988 Summer Olympics,YUG,5,3,4,12
1988 Summer Olympics,SWE,7,0,4,11
1920 Summer Olympics,NED,5,4,2,11
1920 Summer Olympics,SUI,7,2,2,11
1996 Summer Olympics,CZE,4,4,3,11
1952 Winter Olympics,USA,1,4,6,11
1948 Summer Olympics,TCH,3,6,2,11
1952 Summer Olympics,AUS,3,6,2,11
2010 Winter Olympics,SWE,4,5,2,11
2010 Winter Olympics,CHN,4,5,2,11
2010 Winter Olympics,FRA,6,2,3,11
1952 Summer Olympics,GBR,8,1,2,11
2012 Summer Olympics,CZE,3,4,4,11
1984 Summer Olympics,NZL,2,8,1,11
2006 Winter Olympics,CHN,5,2,4,11
2006 Winter Olympics,ITA,6,5,0,11
2006 Winter Olympics,KOR,2,6,3,11
1956 Winter Olympics,AUT,4,4,3,11
2020 Summer Olympics,DEN,4,3,4,11
1996 Summer Olympics,KAZ,4,3,4,11
2020 Summer Olympics,CZE,3,4,4,11
2008 Summer Olympics,POL,2,4,5,11
1998 Winter Olympics,NED,2,5,4,11
1924 Summer Olympics,DEN,3,2,6,11
1896 Summer Olympics,FRA,2,5,4,11
2024 Summer Olympics,ISR,1,1,9,11
2024 Summer Olympics,KEN,5,4,2,11
1992 Winter Olympics,USA,2,5,4,11
2016 Summer Olympics,POL,6,2,3,11
2012 Summer Olympics,KAZ,7,3,1,11
1924 Summer Olympics,NED,6,4,1,11
2016 Summer Olympics,UKR,4,2,5,11
2012 Summer Olympics,POL,6,3,2,11
2016 Summer Olympics,SWE,3,2,6,11
1924 Winter Olympics,FIN,3,4,4,11
2000 Summer Olympics,ESP,5,3,3,11
2016 Summer Olympics,JAM,2,6,3,11
1976 Summer Olympics,CAN,6,0,5,11
2002 Winter Olympics,FRA,2,4,5,11
2002 Winter Olympics,SUI,6,3,2,11
2016 Summer Olympics,CUB,4,5,2,11
1968 Winter Olympics,AUT,4,3,4,11
2014 Winter Olympics,SUI,2,7,2,11
2024 Summer Olympics,TUR,7,0,4,11
1912 Summer Olympics,NOR,5,3,2,10
2016 Summer Olympics,CZE,7,1,2,10
2004 Summer Olympics,BRA,3,5,2,10
1964 Winter Olympics,FIN,3,3,4,10
1964 Summer Olympics,NED,4,2,4,10
1972 Winter Olympics,SUI,3,4,3,10
2016 Summer Olympics,RSA,2,2,6,10
1960 Winter Olympics,USA,3,3,4,10
1964 Summer Olympics,BUL,2,3,5,10
1924 Summer Olympics,NOR,3,5,2,10
1924 Summer Olympics,TCH,5,1,4,10
1976 Winter Olympics,FRG,3,2,5,10
1976 Winter Olympics,USA,4,3,3,10
1960 Summer Olympics,ROU,6,3,1,10
1980 Winter Olympics,NOR,6,1,3,10
2004 Summer Olympics,TUR,4,3,3,10
1928 Summer Olympics,HUN,0,5,5,10
1998 Winter Olympics,JPN,4,5,1,10
2004 Summer Olympics,POL,5,3,2,10
2024 Summer Olympics,GRE,8,1,1,10
1924 Summer Olympics,HUN,4,2,4,10
2000 Summer Olympics,NOR,3,4,3,10
1998 Winter Olympics,ITA,2,2,6,10
2018 Winter Olympics,ITA,5,3,2,10
2008 Summer Olympics,JAM,2,5,3,10
1992 Summer Olympics,NZL,5,1,4,10
1956 Winter Olympics,SWE,4,2,4,10
2024 Summer Olympics,BEL,6,3,1,10
2012 Summer Olympics,BLR,3,2,5,10
1988 Summer Olympics,CAN,5,3,2,10
2020 Summer Olympics,KEN,2,4,4,10
1948 Winter Olympics,NOR,3,4,3,10
1948 Winter Olympics,SWE,3,4,3,10
1988 Winter Olympics,AUT,2,3,5,10
1952 Summer Olympics,RSA,4,2,4,10
2024 Summer Olympics,SUI,7,1,2,10
1920 Summer Olympics,RSA,3,3,4,10
1932 Winter Olympics,NOR,3,3,4,10
2008 Summer Olympics,HUN,2,3,5,10
2016 Summer Olympics,CRO,2,5,3,10
1900 Summer Olympics,SUI,1,6,3,10
1896 Summer Olympics,GBR,3,3,3,9
2008 Summer Olympics,NZL,4,3,2,9
2008 Summer Olympics,NOR,1,3,5,9
1992 Summer Olympics,PRK,5,4,0,9
2020 Summer Olympics,SWE,0,3,6,9
1968 Summer Olympics,MEX,3,3,3,9
2008 Summer Olympics,KAZ,4,2,3,9
2020 Summer Olympics,SRB,5,3,1,9
1968 Winter Olympics,NED,3,3,3,9
1908 Summer Olympics,HUN,2,3,4,9
1972 Winter Olympics,NED,2,4,3,9
2016 Summer Olympics,BLR,4,1,4,9
1968 Summer Olympics,BUL,3,2,4,9
1920 Summer Olympics,CAN,3,3,3,9
1994 Winter Olympics,AUT,4,2,3,9
1992 Winter Olympics,FRA,1,3,5,9
1948 Winter Olympics,SUI,2,3,4,9
2020 Summer Olympics,JAM,4,4,1,9
2014 Winter Olympics,CZE,3,2,4,9
2014 Winter Olympics,CHN,2,3,4,9
2008 Summer Olympics,ROU,4,4,1,9
1994 Winter Olympics,SUI,2,3,4,9
1976 Summer Olympics,FRA,4,2,3,9
1988 Summer Olympics,NED,5,2,2,9
1952 Winter Olympics,FIN,2,3,4,9
2024 Summer Olympics,IRL,4,5,0,9
2000 Summer Olympics,SUI,2,1,6,9
1988 Summer Olympics,KEN,2,5,2,9
2000 Summer Olympics,JAM,3,0,6,9
1964 Winter Olympics,GER,3,3,3,9
1972 Summer Olympics,KEN,4,2,3,9
2004 Summer Olympics,CZE,5,1,3,9
1984 Winter Olympics,NOR,4,3,2,9
2022 Winter Olympics,KOR,2,2,5,9
1980 Summer Olympics,YUG,4,2,3,9
1928 Summer Olympics,DEN,4,3,2,9
1960 Summer Olympics,TUR,0,7,2,9
1956 Summer Olympics,POL,4,1,4,9
2012 Summer Olympics,COL,5,1,3,9
2012 Summer Olympics,DEN,3,2,4,9
1980 Winter Olympics,FIN,3,1,5,9
2024 Summer Olympics,CUB,6,2,1,9
2018 Winter Olympics,CHN,2,1,6,9
2024 Summer Olympics,CZE,5,4,0,9
2006 Winter Olympics,FIN,3,0,6,9
1928 Summer Olympics,TCH,2,2,5,9
2006 Winter Olympics,NED,4,3,2,9
2006 Winter Olympics,FRA,4,3,2,9
1968 Winter Olympics,FRA,2,4,3,9
1936 Summer Olympics,CAN,5,1,3,9
1936 Summer Olympics,POL,5,0,4,9
1980 Summer Olympics,AUS,5,2,2,9
2012 Summer Olympics,AZE,5,2,2,9
2010 Winter Olympics,SUI,3,6,0,9
1932 Summer Olympics,POL,4,3,2,9
1968 Summer Olympics,KEN,2,3,4,9
1936 Summer Olympics,TCH,1,3,5,9
1972 Summer Olympics,CUB,4,3,1,8
1912 Summer Olympics,HUN,3,3,2,8
1908 Summer Olympics,NOR,3,2,3,8
2016 Summer Olympics,COL,3,3,2,8
2014 Winter Olympics,SLO,4,2,2,8
1972 Summer Olympics,FIN,4,3,1,8
1968 Summer Olympics,YUG,2,3,3,8
2024 Summer Olympics,MEX,4,0,4,8
1968 Winter Olympics,SWE,3,3,2,8
2004 Summer Olympics,DEN,5,2,1,8
1908 Summer Olympics,BEL,2,1,5,8
1996 Summer Olympics,SWE,2,2,4,8
1960 Summer Olympics,TCH,3,3,2,8
1932 Summer Olympics,DEN,3,0,5,8
2000 Summer Olympics,CZE,3,2,3,8
1984 Summer Olympics,SUI,4,0,4,8
1960 Winter Olympics,GER,1,4,3,8
2012 Summer Olympics,MEX,4,1,3,8
1960 Winter Olympics,FIN,3,2,3,8
1998 Winter Olympics,CHN,2,0,6,8
1996 Summer Olympics,GRE,0,4,4,8
2022 Winter Olympics,FIN,4,2,2,8
2020 Summer Olympics,KAZ,8,0,0,8
2002 Winter Olympics,NED,0,3,5,8
2020 Summer Olympics,NOR,2,4,2,8
2014 Winter Olympics,KOR,2,3,3,8
2014 Winter Olympics,JPN,3,1,4,8
2024 Summer Olympics,KAZ,4,1,3,8
1992 Summer Olympics,KEN,2,2,4,8
2004 Summer Olympics,KAZ,3,1,4,8
1968 Summer Olympics,DEN,3,1,4,8
2016 Summer Olympics,IRI,4,3,1,8
2016 Summer Olympics,ETH,5,1,2,8
1972 Summer Olympics,TCH,2,2,4,8
1912 Summer Olympics,CAN,3,3,2,8
1948 Summer Olympics,AUT,4,2,2,8
1948 Winter Olympics,AUT,4,1,3,8
1972 Winter Olympics,USA,3,3,2,8
1964 Summer Olympics,SWE,4,2,2,8
2024 Summer Olympics,TPE,5,3,0,8
2024 Summer Olympics,PRK,4,0,4,8
2000 Summer Olympics,ETH,3,4,1,8
1932 Summer Olympics,NED,1,2,5,8
2020 Summer Olympics,CRO,2,3,3,8
2016 Summer Olympics,TUR,4,1,3,8
2004 Summer Olympics,THA,4,3,1,8
2012 Summer Olympics,ETH,3,3,2,8
1900 Summer Olympics,GER,1,4,3,8
1984 Summer Olympics,BRA,2,1,5,8
1998 Winter Olympics,FRA,5,2,1,8
1912 Summer Olympics,ITA,2,5,1,8
2002 Winter Olympics,CHN,4,2,2,8
2014 Winter Olympics,ITA,6,0,2,8
1976 Summer Olympics,TCH,4,2,2,8
1988 Summer Olympics,TCH,2,3,3,8
2010 Winter Olympics,NED,3,4,1,8
2012 Summer Olympics,SWE,3,1,4,8
1980 Summer Olympics,FIN,4,3,1,8
1996 Summer Olympics,KEN,3,1,4,8
1984 Winter Olympics,USA,0,4,4,8
1984 Winter Olympics,SWE,2,4,2,8
1952 Winter Olympics,AUT,2,2,4,8
2020 Summer Olympics,GEO,1,2,5,8
2016 Summer Olympics,SRB,2,2,4,8
1976 Summer Olympics,YUG,3,2,3,8
1952 Summer Olympics,JPN,1,1,6,8
1988 Winter Olympics,FRG,2,2,4,8
1948 Winter Olympics,USA,2,3,3,8
1968 Summer Olympics,NED,1,3,3,7
1992 Summer Olympics,NOR,1,2,4,7
2002 Winter Olympics,FIN,1,4,2,7
1964 Winter Olympics,USA,4,1,2,7
1936 Winter Olympics,SWE,3,2,2,7
1948 Summer Olympics,NOR,3,1,3,7
1948 Summer Olympics,BEL,3,2,2,7
1948 Summer Olympics,ARG,1,3,3,7
1992 Summer Olympics,TCH,1,4,2,7
1992 Winter Olympics,JPN,4,1,2,7
2004 Summer Olympics,KEN,2,1,4,7
2008 Summer Olympics,SUI,4,2,1,7
1992 Winter Olympics,CAN,2,2,3,7
1992 Winter Olympics,FIN,3,3,1,7
2016 Summer Olympics,GEO,4,2,1,7
2016 Summer Olympics,PRK,2,2,3,7
1936 Summer Olympics,ARG,3,2,2,7
1976 Winter Olympics,NOR,1,3,3,7
1964 Winter Olympics,FRA,0,3,4,7
2000 Summer Olympics,KEN,2,2,3,7
2024 Summer Olympics,GEO,1,3,3,7
1988 Winter Olympics,FIN,2,4,1,7
2024 Summer Olympics,LTU,5,0,2,7
1952 Summer Olympics,IRI,4,0,3,7
1964 Winter Olympics,SWE,1,3,3,7
1976 Winter Olympics,FIN,1,2,4,7
1988 Winter Olympics,NED,2,3,2,7
2008 Summer Olympics,ETH,1,4,2,7
2016 Summer Olympics,SUI,2,3,2,7
1936 Summer Olympics,EST,3,2,2,7
2008 Summer Olympics,GEO,2,3,2,7
2020 Summer Olympics,IRI,2,3,2,7
2020 Summer Olympics,IND,4,1,2,7
2000 Summer Olympics,KAZ,0,3,4,7
1952 Winter Olympics,GER,2,3,2,7
2004 Summer Olympics,SWE,1,4,2,7
1956 Winter Olympics,FIN,1,3,3,7
2008 Summer Olympics,CZE,1,3,3,7
2020 Summer Olympics,BLR,3,1,3,7
2008 Summer Olympics,DEN,3,2,2,7
2020 Summer Olympics,AZE,4,0,3,7
2020 Summer Olympics,BEL,3,3,1,7
2020 Summer Olympics,AUT,5,1,1,7
1998 Winter Olympics,SUI,3,2,2,7
1996 Summer Olympics,NOR,3,2,2,7
1932 Winter Olympics,CAN,5,1,1,7
2022 Winter Olympics,SLO,2,2,3,7
2012 Summer Olympics,PRK,3,4,0,7
2012 Summer Olympics,ROU,1,2,4,7
1928 Summer Olympics,ARG,1,3,3,7
1928 Summer Olympics,POL,4,2,1,7
1956 Summer Olympics,TUR,2,3,2,7
2024 Summer Olympics,BUL,3,3,1,7
1980 Winter Olympics,AUT,2,3,2,7
1956 Winter Olympics,USA,2,2,3,7
1996 Summer Olympics,SUI,0,4,3,7
2018 Winter Olympics,CZE,3,2,2,7
2024 Summer Olympics,BOT,0,1,6,7
2024 Summer Olympics,AZE,3,2,2,7
1960 Summer Olympics,BUL,3,1,3,7
2004 Summer Olympics,ETH,2,2,3,7
1900 Summer Olympics,DEN,2,2,3,7
1968 Winter Olympics,FRG,3,2,2,7
1960 Winter Olympics,SWE,2,3,2,7
1912 Summer Olympics,ANZ,3,2,2,7
2002 Winter Olympics,SWE,5,0,2,7
2004 Summer Olympics,AUT,1,2,4,7
2004 Summer Olympics,ARG,4,2,0,6
1912 Summer Olympics,RSA,0,4,2,6
2018 Winter Olympics,FIN,4,1,1,6
2024 Summer Olympics,ECU,2,1,3,6
1960 Summer Olympics,DEN,1,2,3,6
1904 Summer Olympics,CAN,1,4,1,6
1900 Summer Olympics,NED,3,1,2,6
1996 Summer Olympics,NZL,1,3,2,6
1928 Winter Olympics,USA,2,2,2,6
1988 Summer Olympics,BRA,3,1,2,6
2000 Summer Olympics,GEO,6,0,0,6
2012 Summer Olympics,RSA,1,4,1,6
1984 Summer Olympics,MEX,1,2,3,6
1900 Summer Olympics,AUT,3,0,3,6
2024 Summer Olympics,AIN,1,1,4,6
2012 Summer Olympics,IRL,4,1,1,6
1984 Summer Olympics,DEN,3,0,3,6
1960 Winter Olympics,NOR,0,3,3,6
1956 Summer Olympics,TCH,1,1,4,6
2008 Summer Olympics,ARG,4,2,0,6
1996 Summer Olympics,TUR,1,4,1,6
2024 Summer Olympics,AUT,3,3,0,6
2016 Summer Olympics,THA,2,2,2,6
2008 Summer Olympics,AZE,4,1,1,6
1960 Summer Olympics,SUI,3,0,3,6
1960 Summer Olympics,SWE,3,1,2,6
2000 Summer Olympics,DEN,1,2,3,6
2012 Summer Olympics,CRO,2,3,1,6
1980 Summer Olympics,ESP,2,1,3,6
1998 Winter Olympics,KOR,2,3,1,6
1996 Summer Olympics,NGR,3,2,1,6
2012 Summer Olympics,IND,4,0,2,6
1956 Winter Olympics,SUI,1,3,2,6
2012 Summer Olympics,GEO,3,1,2,6
2024 Summer Olympics,JAM,2,1,3,6
1992 Summer Olympics,DEN,4,1,1,6
1992 Summer Olympics,TUR,2,2,2,6
2008 Summer Olympics,SVK,0,3,3,6
2014 Winter Olympics,POL,1,4,1,6
2008 Summer Olympics,THA,2,2,2,6
1988 Winter Olympics,SWE,2,4,0,6
2008 Summer Olympics,INA,4,1,1,6
1996 Summer Olympics,BEL,2,2,2,6
1964 Summer Olympics,DEN,3,2,1,6
2000 Summer Olympics,MEX,3,1,2,6
2004 Summer Olympics,NOR,1,5,0,6
1936 Winter Olympics,FIN,3,1,2,6
1976 Winter Olympics,AUT,2,2,2,6
1976 Summer Olympics,KOR,4,1,1,6
1924 Summer Olympics,ARG,2,1,3,6
1924 Summer Olympics,AUS,2,3,1,6
1988 Winter Olympics,USA,3,2,1,6
2020 Summer Olympics,HKG,3,1,2,6
1936 Summer Olympics,NOR,2,1,3,6
1936 Winter Olympics,GER,0,3,3,6
1924 Summer Olympics,EST,4,1,1,6
1996 Summer Olympics,DEN,1,4,1,6
1976 Winter Olympics,NED,3,1,2,6
2020 Summer Olympics,EGY,4,1,1,6
2004 Summer Olympics,SVK,2,2,2,6
2010 Winter Olympics,CZE,4,2,0,6
2004 Summer Olympics,RSA,2,1,3,6
2014 Winter Olympics,BLR,1,5,0,6
1956 Equestrian Olympics,GER,1,2,3,6
1932 Summer Olympics,TCH,2,1,3,6
1996 Summer Olympics,JAM,2,1,3,6
2020 Summer Olympics,BUL,2,3,1,6
2010 Winter Olympics,POL,2,1,3,6
1984 Winter Olympics,TCH,4,0,2,6
2000 Summer Olympics,INA,2,1,3,6
1960 Winter Olympics,AUT,3,1,2,6
1976 Summer Olympics,FIN,0,4,2,6
1948 Summer Olympics,RSA,2,2,2,6
1976 Summer Olympics,BEL,3,0,3,6
1964 Summer Olympics,TUR,1,2,3,6
1994 Winter Olympics,FIN,5,0,1,6
2024 Summer Olympics,KGZ,4,0,2,6
2016 Summer Olympics,GRE,2,3,1,6
1952 Summer Olympics,DEN,3,2,1,6
2008 Summer Olympics,PRK,2,2,2,6
1896 Summer Olympics,DEN,3,1,2,6
1896 Summer Olympics,HUN,3,2,1,6
2024 Summer Olympics,THA,2,1,3,6
1948 Winter Olympics,FIN,2,1,3,6
1912 Summer Olympics,BEL,3,2,1,6
1968 Winter Olympics,SUI,4,0,2,6
2016 Summer Olympics,BEL,2,2,2,6
2004 Summer Olympics,IRI,2,2,2,6
1994 Winter Olympics,KOR,1,4,1,6
1980 Summer Olympics,DEN,2,2,1,5
1924 Winter Olympics,GBR,2,2,1,5
1932 Summer Olympics,AUS,1,3,1,5
1984 Winter Olympics,SUI,1,2,2,5
1928 Summer Olympics,EST,2,2,1,5
1968 Winter Olympics,FIN,2,1,2,5
1928 Winter Olympics,SWE,1,2,2,5
2000 Summer Olympics,ALG,3,1,1,5
1928 Summer Olympics,YUG,3,1,1,5
1960 Summer Olympics,FRA,3,0,2,5
1960 Summer Olympics,FIN,3,1,1,5
2012 Summer Olympics,LTU,3,2,0,5
2012 Summer Olympics,MGL,3,0,2,5
1980 Winter Olympics,FRG,3,0,2,5
1912 Summer Olympics,RUS,3,0,2,5
1908 Summer Olympics,DEN,3,0,2,5
1908 Summer Olympics,FIN,3,1,1,5
2004 Summer Olympics,AZE,4,1,0,5
1968 Summer Olympics,SUI,4,0,1,5
1932 Summer Olympics,AUT,3,1,1,5
1956 Summer Olympics,BUL,1,1,3,5
1956 Summer Olympics,CAN,2,2,1,5
1996 Summer Olympics,PRK,2,2,1,5
1956 Summer Olympics,IRL,3,1,1,5
1956 Summer Olympics,IRI,1,2,2,5
1984 Summer Olympics,ESP,2,1,2,5
2008 Summer Olympics,ARM,4,0,1,5
1980 Summer Olympics,PRK,2,0,3,5
1928 Summer Olympics,JPN,1,2,2,5
1972 Summer Olympics,CAN,3,0,2,5
2018 Winter Olympics,GBR,4,1,0,5
1980 Winter Olympics,SUI,3,1,1,5
1900 Summer Olympics,HUN,2,1,2,5
1968 Winter Olympics,USA,1,1,3,5
2004 Summer Olympics,EGY,3,1,1,5
1900 Summer Olympics,NOR,3,0,2,5
1908 Summer Olympics,ANZ,2,1,2,5
2020 Summer Olympics,DOM,2,0,3,5
1936 Summer Olympics,EGY,2,2,1,5
1936 Summer Olympics,DEN,3,0,2,5
2004 Summer Olympics,PRK,1,0,4,5
2004 Summer Olympics,SUI,3,1,1,5
1976 Winter Olympics,SUI,1,1,3,5
2008 Summer Olympics,BUL,3,1,1,5
2008 Summer Olympics,CRO,3,0,2,5
2000 Summer Olympics,BEL,3,0,2,5
2016 Summer Olympics,MEX,2,0,3,5
2000 Summer Olympics,RSA,3,0,2,5
1976 Summer Olympics,NED,3,0,2,5
2016 Summer Olympics,MAS,1,0,4,5
2020 Summer Olympics,UZB,2,3,0,5
2020 Summer Olympics,INA,3,1,1,5
1988 Winter Olympics,CAN,3,0,2,5
1964 Summer Olympics,NZL,2,3,0,5
2000 Summer Olympics,LTU,3,2,0,5
2000 Summer Olympics,SVK,1,1,3,5
1952 Summer Olympics,NOR,0,3,2,5
1952 Summer Olympics,NED,0,0,5,5
2010 Winter Olympics,ITA,3,1,1,5
2000 Summer Olympics,MAR,4,0,1,5
2004 Summer Olympics,NZL,0,3,2,5
1964 Summer Olympics,FIN,2,3,0,5
2010 Winter Olympics,FIN,4,0,1,5
2010 Winter Olympics,JPN,2,0,3,5
1996 Summer Olympics,RSA,1,3,1,5
1932 Summer Olympics,RSA,3,2,0,5
2020 Summer Olympics,COL,1,0,4,5
2004 Summer Olympics,TPE,1,2,2,5
2004 Summer Olympics,UZB,2,2,1,5
1988 Summer Olympics,NOR,0,2,3,5
1964 Summer Olympics,YUG,2,2,1,5
1976 Summer Olympics,SWE,0,4,1,5
1994 Winter Olympics,JPN,2,1,2,5
1968 Summer Olympics,IRI,2,2,1,5
1976 Summer Olympics,AUS,4,0,1,5
1952 Summer Olympics,JAM,0,2,3,5
2008 Summer Olympics,TUR,3,1,1,5
1988 Winter Olympics,ITA,2,2,1,5
2014 Winter Olympics,LAT,3,1,1,5
2000 Summer Olympics,TUR,2,3,0,5
2004 Summer Olympics,JAM,2,2,1,5
2000 Summer Olympics,TPE,4,0,1,5
1948 Summer Olympics,MEX,2,2,1,5
2014 Winter Olympics,GBR,3,1,1,5
1992 Summer Olympics,FIN,2,1,2,5
1948 Summer Olympics,EGY,1,2,2,5
2014 Winter Olympics,FIN,1,1,3,5
1988 Winter Olympics,NOR,2,0,3,5
1952 Summer Olympics,ARG,2,1,2,5
1994 Winter Olympics,FRA,4,0,1,5
1972 Winter Olympics,FRG,1,3,1,5
1992 Summer Olympics,INA,1,2,2,5
1972 Winter Olympics,AUT,2,1,2,5
1972 Summer Olympics,YUG,2,2,1,5
1972 Summer Olympics,PRK,3,1,1,5
1972 Summer Olympics,NED,1,3,1,5
1972 Winter Olympics,ITA,1,2,2,5
1968 Summer Olympics,CAN,1,1,3,5
1972 Winter Olympics,FIN,1,0,4,5
2008 Summer Olympics,SLO,2,1,2,5
2008 Summer Olympics,SWE,1,0,4,5
1968 Winter Olympics,GDR,2,1,2,5
2008 Summer Olympics,NGR,2,0,3,5
2008 Summer Olympics,LTU,2,0,3,5
2020 Summer Olympics,SLO,1,3,1,5
1948 Winter Olympics,FRA,2,2,1,5
2004 Summer Olympics,CRO,2,1,2,5
1900 Summer Olympics,ITA,0,3,2,5
2024 Summer Olympics,POR,1,2,2,5
1896 Summer Olympics,AUT,2,2,1,5
2024 Summer Olympics,MDA,3,0,1,4
2024 Summer Olympics,PHI,2,2,0,4
2004 Summer Olympics,GEO,0,2,2,4
1908 Summer Olympics,GRE,1,0,3,4
1968 Summer Olympics,SWE,1,2,1,4
1968 Winter Olympics,TCH,1,1,2,4
2002 Winter Olympics,CRO,0,3,1,4
2002 Winter Olympics,KOR,0,2,2,4
2004 Summer Olympics,INA,2,1,1,4
1912 Summer Olympics,AUT,2,0,2,4
1972 Summer Olympics,NOR,1,2,1,4
2004 Summer Olympics,LAT,0,0,4,4
2004 Summer Olympics,MEX,1,0,3,4
1948 Summer Olympics,CAN,2,0,2,4
1994 Winter Olympics,NED,3,0,1,4
1992 Winter Olympics,KOR,1,2,1,4
1992 Winter Olympics,NED,2,1,1,4
1992 Winter Olympics,SWE,3,1,0,4
1992 Summer Olympics,JAM,1,0,3,4
2020 Summer Olympics,MEX,4,0,0,4
2020 Summer Olympics,MGL,3,0,1,4
1964 Winter Olympics,ITA,3,0,1,4
1968 Summer Olympics,AUT,2,0,2,4
1972 Winter Olympics,SWE,2,1,1,4
2016 Summer Olympics,NOR,4,0,0,4
1976 Summer Olympics,NZL,1,2,1,4
2016 Summer Olympics,LTU,3,0,1,4
1964 Summer Olympics,SUI,1,1,2,4
2020 Summer Olympics,PHI,1,1,2,4
2020 Summer Olympics,IRL,2,2,0,4
2020 Summer Olympics,ISR,2,2,0,4
1936 Winter Olympics,USA,3,1,0,4
2000 Summer Olympics,UZB,2,1,1,4
2000 Summer Olympics,NZL,3,1,0,4
2000 Summer Olympics,PRK,3,0,1,4
1924 Summer Olympics,AUT,1,0,3,4
1924 Summer Olympics,CAN,1,0,3,4
2024 Summer Olympics,HKG,2,2,0,4
1980 Summer Olympics,AUT,1,1,2,4
2012 Summer Olympics,THA,2,0,2,4
2012 Summer Olympics,TTO,2,1,1,4
2020 Summer Olympics,UGA,1,2,1,4
2020 Summer Olympics,VEN,0,1,3,4
2022 Winter Olympics,AUS,1,1,2,4
1988 Summer Olympics,SUI,2,0,2,4
1952 Summer Olympics,BEL,0,2,2,4
2008 Summer Olympics,TPE,2,1,1,4
2008 Summer Olympics,UZB,3,0,1,4
2008 Summer Olympics,ZIM,0,1,3,4
1976 Summer Olympics,SUI,2,1,1,4
1960 Winter Olympics,CAN,1,2,1,4
1976 Winter Olympics,ITA,1,1,2,4
2016 Summer Olympics,ROU,2,1,1,4
2016 Summer Olympics,SLO,1,1,2,4
2016 Summer Olympics,SVK,0,2,2,4
1964 Summer Olympics,CAN,1,1,2,4
2004 Summer Olympics,SLO,3,0,1,4
1952 Winter Olympics,SWE,4,0,0,4
1952 Summer Olympics,POL,1,1,2,4
2008 Summer Olympics,FIN,2,1,1,4
1936 Winter Olympics,AUT,2,1,1,4
2000 Summer Olympics,FIN,1,2,1,4
1928 Summer Olympics,EGY,1,2,1,4
2012 Summer Olympics,SLO,2,1,1,4
2012 Summer Olympics,SRB,2,1,1,4
2012 Summer Olympics,SUI,0,2,2,4
2012 Summer Olympics,SVK,3,0,1,4
1980 Summer Olympics,BRA,2,2,0,4
1980 Summer Olympics,ETH,2,2,0,4
2024 Summer Olympics,ETH,0,1,3,4
2000 Summer Olympics,IRI,1,3,0,4
1928 Summer Olympics,NOR,1,1,2,4
1980 Winter Olympics,NED,1,1,2,4
1980 Summer Olympics,MEX,3,0,1,4
1980 Summer Olympics,MGL,2,0,2,4
2012 Summer Olympics,NOR,1,2,1,4
1996 Summer Olympics,INA,2,1,1,4
1996 Summer Olympics,IRL,1,3,0,4
1952 Summer Olympics,ROU,2,1,1,4
1988 Summer Olympics,DEN,1,2,1,4
1988 Summer Olympics,ESP,2,1,1,4
1988 Summer Olympics,FIN,2,1,1,4
1956 Summer Olympics,CHI,2,0,2,4
2020 Summer Olympics,ETH,2,1,1,4
2020 Summer Olympics,GRE,1,2,1,4
1996 Summer Olympics,FIN,1,1,2,4
1924 Winter Olympics,USA,1,1,2,4
1928 Summer Olympics,AUS,1,1,2,4
1928 Summer Olympics,AUT,1,3,0,4
1928 Winter Olympics,FIN,1,2,1,4
2024 Summer Olympics,BRN,1,2,1,4
1980 Winter Olympics,LIE,0,2,2,4
1960 Summer Olympics,BEL,2,0,2,4
1980 Winter Olympics,SWE,1,3,0,4
1984 Summer Olympics,BEL,2,1,1,4
1984 Winter Olympics,CAN,1,2,1,4
1984 Winter Olympics,FRG,1,2,1,4
2012 Summer Olympics,ARG,2,1,1,4
2024 Summer Olympics,COL,1,0,3,4
2000 Summer Olympics,ARG,2,0,2,4
2006 Winter Olympics,CZE,1,1,2,4
2024 Summer Olympics,ARM,1,0,3,4
1928 Winter Olympics,AUT,1,0,3,4
1996 Summer Olympics,SCG,2,1,1,4
1956 Summer Olympics,RSA,4,0,0,4
1960 Summer Olympics,IRI,3,0,1,4
1956 Winter Olympics,NOR,1,2,1,4
2012 Summer Olympics,EGY,1,0,3,4
2020 Summer Olympics,ARM,2,0,2,4
1932 Summer Olympics,ARG,0,3,1,4
1904 Summer Olympics,HUN,1,2,1,4
1968 Summer Olympics,CUB,0,0,4,4
1968 Summer Olympics,FIN,1,1,2,4
2016 Summer Olympics,ARG,0,3,1,4
2016 Summer Olympics,ARM,0,1,3,4
1968 Winter Olympics,ITA,0,4,0,4
1968 Summer Olympics,MGL,3,0,1,4
1908 Summer Olympics,ITA,0,2,2,4
2020 Summer Olympics,POR,2,1,1,4
2020 Summer Olympics,ROU,0,1,3,4
2020 Summer Olympics,SVK,1,1,2,4
2008 Summer Olympics,MEX,2,2,0,4
2008 Summer Olympics,MGL,0,2,2,4
1992 Summer Olympics,NGR,1,0,3,4
1904 Summer Olympics,CUB,0,4,0,4
2004 Summer Olympics,EST,2,0,1,3
2024 Summer Olympics,TUN,1,1,1,3
2008 Summer Olympics,LAT,1,1,1,3
2020 Summer Olympics,SMR,2,0,1,3
2020 Summer Olympics,RSA,0,1,2,3
2020 Summer Olympics,QAT,1,2,0,3
2008 Summer Olympics,KGZ,2,0,1,3
1992 Winter Olympics,CHN,0,0,3,3
1992 Winter Olympics,TCH,3,0,0,3
2004 Summer Olympics,CHI,1,2,0,3
1908 Summer Olympics,RUS,0,1,2,3
1968 Summer Olympics,NZL,2,1,0,3
1972 Summer Olympics,IRI,1,0,2,3
2016 Summer Olympics,EGY,3,0,0,3
2016 Summer Olympics,BUL,2,0,1,3
1972 Summer Olympics,COL,2,0,1,3
1972 Summer Olympics,AUT,2,0,1,3
1956 Equestrian Olympics,ITA,1,0,2,3
2022 Winter Olympics,NZL,0,2,1,3
2008 Summer Olympics,AUT,2,0,1,3
2020 Summer Olympics,ARG,2,0,1,3
2018 Winter Olympics,SVK,0,1,2,3
1984 Summer Olympics,POR,2,1,0,3
1984 Summer Olympics,NOR,2,0,1,3
1956 Summer Olympics,NOR,2,1,0,3
1960 Summer Olympics,NED,2,0,1,3
2012 Summer Olympics,INA,1,0,2,3
2012 Summer Olympics,FIN,1,0,2,3
1984 Summer Olympics,TUR,3,0,0,3
1996 Summer Olympics,SVK,1,1,1,3
2006 Winter Olympics,EST,0,3,0,3
2024 Summer Olympics,ALG,1,2,0,3
2006 Winter Olympics,CRO,0,1,2,3
1998 Winter Olympics,CZE,1,1,1,3
2000 Summer Olympics,AZE,1,2,0,3
2000 Summer Olympics,AUT,0,2,1,3
2024 Summer Olympics,DOM,2,1,0,3
2008 Summer Olympics,COL,1,0,2,3
1932 Summer Olympics,PHI,3,0,0,3
1956 Equestrian Olympics,GBR,2,1,0,3
2012 Summer Olympics,BEL,2,0,1,3
2010 Winter Olympics,SVK,1,1,1,3
2010 Winter Olympics,SLO,1,0,2,3
1956 Winter Olympics,ITA,0,1,2,3
1956 Winter Olympics,CAN,2,0,1,3
1956 Summer Olympics,YUG,0,0,3,3
2012 Summer Olympics,BUL,1,0,2,3
1984 Winter Olympics,FRA,2,0,1,3
1984 Summer Olympics,VEN,3,0,0,3
1956 Equestrian Olympics,SWE,0,3,0,3
2018 Winter Olympics,BLR,0,2,1,3
1984 Summer Olympics,AUT,1,1,1,3
1984 Summer Olympics,KEN,2,1,0,3
1984 Summer Olympics,JAM,2,0,1,3
1960 Winter Olympics,FRA,2,1,0,3
1998 Winter Olympics,SWE,1,0,2,3
1928 Summer Olympics,BEL,2,0,1,3
1932 Winter Olympics,FIN,1,1,1,3
1996 Summer Olympics,ETH,1,2,0,3
1952 Summer Olympics,YUG,0,1,2,3
2020 Summer Olympics,ECU,0,2,1,3
1956 Summer Olympics,DEN,1,1,1,3
1996 Summer Olympics,IRI,1,1,1,3
1980 Summer Olympics,NED,2,0,1,3
1980 Summer Olympics,JAM,3,0,0,3
1960 Summer Olympics,RSA,2,0,1,3
1960 Summer Olympics,NZL,1,2,0,3
1924 Winter Olympics,SUI,1,2,0,3
1928 Summer Olympics,RSA,2,1,0,3
2000 Summer Olympics,BAH,1,2,0,3
2004 Summer Olympics,ZIM,1,1,1,3
2024 Summer Olympics,EGY,1,1,1,3
2018 Winter Olympics,AUS,1,0,2,3
2016 Summer Olympics,VEN,1,0,2,3
2016 Summer Olympics,TUN,3,0,0,3
2016 Summer Olympics,TPE,2,1,0,3
1924 Winter Olympics,FRA,3,0,0,3
1924 Winter Olympics,AUT,0,2,1,3
1924 Summer Olympics,RSA,1,1,1,3
2000 Summer Olympics,EST,2,1,0,3
1936 Summer Olympics,MEX,3,0,0,3
1936 Winter Olympics,GBR,1,1,1,3
1996 Summer Olympics,AUT,2,0,1,3
1996 Summer Olympics,ARG,1,0,2,3
1952 Summer Olympics,NZL,2,1,0,3
1952 Winter Olympics,NED,0,0,3,3
1988 Summer Olympics,MAR,2,1,0,3
2010 Winter Olympics,CRO,1,0,2,3
1996 Summer Olympics,ALG,1,2,0,3
2022 Winter Olympics,HUN,2,1,0,3
1936 Summer Olympics,BEL,3,0,0,3
1932 Winter Olympics,SWE,0,1,2,3
2004 Summer Olympics,POR,1,0,2,3
1964 Summer Olympics,BEL,1,2,0,3
1980 Summer Olympics,GRE,2,1,0,3
1964 Winter Olympics,CAN,1,1,1,3
2014 Winter Olympics,AUS,1,0,2,3
2012 Summer Olympics,UZB,3,0,0,3
2012 Summer Olympics,TUR,1,1,1,3
2012 Summer Olympics,TUN,1,2,0,3
2008 Summer Olympics,GRE,1,0,2,3
1952 Summer Olympics,TUR,1,2,0,3
2010 Winter Olympics,BLR,1,1,1,3
2010 Winter Olympics,AUS,0,2,1,3
1992 Summer Olympics,BRA,0,2,1,3
1992 Summer Olympics,BEL,2,0,1,3
1988 Winter Olympics,YUG,1,0,2,3
1988 Winter Olympics,TCH,2,0,1,3
2024 Summer Olympics,INA,1,2,0,3
2000 Summer Olympics,LAT,1,1,1,3
2000 Summer Olympics,SCG,1,1,1,3
2000 Summer Olympics,NGR,0,1,2,3
2002 Winter Olympics,BUL,2,0,1,3
1920 Summer Olympics,BRA,1,1,1,3
1920 Summer Olympics,AUS,1,0,2,3
2020 Summer Olympics,KGZ,1,0,2,3
1992 Summer Olympics,ETH,2,1,0,3
1992 Summer Olympics,CRO,2,0,1,3
1992 Summer Olympics,MAR,1,1,1,3
1992 Summer Olympics,LAT,1,0,2,3
1948 Winter Olympics,CAN,1,2,0,3
1936 Winter Olympics,SUI,0,1,2,3
1948 Summer Olympics,JAM,0,1,2,3
1994 Winter Olympics,KAZ,0,1,2,3
1994 Winter Olympics,CHN,2,0,1,3
2008 Summer Olympics,IRL,2,0,1,3
2008 Summer Olympics,IND,2,1,0,3
2024 Summer Olympics,MAS,3,0,0,3
1976 Winter Olympics,CAN,1,1,1,3
1964 Summer Olympics,KOR,1,0,2,3
1976 Summer Olympics,DEN,2,1,0,3
1972 Winter Olympics,TCH,2,1,0,3
1964 Summer Olympics,TTO,2,0,1,3
1968 Summer Olympics,BRA,2,0,1,3
1972 Winter Olympics,FRA,2,0,1,3
2000 Summer Olympics,THA,2,1,0,3
1952 Summer Olympics,CAN,0,1,2,3
1952 Summer Olympics,BRA,2,1,0,3
1992 Summer Olympics,IRI,2,0,1,3
1992 Summer Olympics,IOA,2,0,1,3
2008 Summer Olympics,SRB,2,0,1,3
1992 Winter Olympics,SUI,2,1,0,3
1994 Winter Olympics,SWE,0,2,1,3
1994 Winter Olympics,SLO,3,0,0,3
2004 Summer Olympics,MAR,0,2,1,3
2004 Summer Olympics,LTU,0,1,2,3
2016 Summer Olympics,INA,0,1,2,3
1972 Summer Olympics,SUI,0,0,3,3
1972 Summer Olympics,NZL,1,1,1,3
1972 Winter Olympics,JPN,1,1,1,3
1920 Summer Olympics,EST,0,1,2,3
2002 Winter Olympics,EST,1,1,1,3
2002 Winter Olympics,CZE,0,1,2,3
1968 Winter Olympics,CAN,1,1,1,3
1900 Summer Olympics,AUS,3,0,0,3
1912 Summer Olympics,NED,3,0,0,3
2004 Summer Olympics,BEL,2,1,0,3
1900 Summer Olympics,BOH,2,0,1,3
2024 Summer Olympics,SLO,0,2,1,3
2024 Summer Olympics,TJK,3,0,0,3
1896 Summer Olympics,AUS,1,2,0,3
1896 Summer Olympics,SUI,0,1,2,3
2024 Summer Olympics,PUR,2,0,0,2
1900 Summer Olympics,CUB,0,1,1,2
1920 Summer Olympics,TCH,2,0,0,2
1924 Summer Olympics,POL,1,0,1,2
1924 Summer Olympics,LUX,0,1,1,2
1924 Summer Olympics,IRL,1,0,1,2
2024 Summer Olympics,GUA,1,1,0,2
2024 Summer Olympics,GRN,2,0,0,2
2000 Summer Olympics,MDA,1,0,1,2
2000 Summer Olympics,KSA,1,0,1,2
2000 Summer Olympics,SLO,0,2,0,2
2000 Summer Olympics,POR,2,0,0,2
2002 Winter Olympics,AUS,0,2,0,2
2000 Summer Olympics,TTO,1,0,1,2
2004 Summer Olympics,ISR,1,1,0,2
1924 Summer Olympics,YUG,0,2,0,2
1924 Winter Olympics,SWE,0,1,1,2
2024 Summer Olympics,CHI,0,1,1,2
2024 Summer Olympics,ALB,2,0,0,2
2022 Winter Olympics,SVK,1,1,0,2
2006 Winter Olympics,AUS,1,1,0,2
2004 Summer Olympics,VEN,2,0,0,2
2004 Summer Olympics,SCG,0,0,2,2
2004 Summer Olympics,NGR,2,0,0,2
1932 Summer Olympics,IRL,0,2,0,2
1932 Winter Olympics,AUT,0,1,1,2
1932 Summer Olympics,MEX,0,0,2,2
2022 Winter Olympics,GBR,0,1,1,2
1932 Winter Olympics,GER,2,0,0,2
1936 Summer Olympics,LAT,1,0,1,2
1936 Summer Olympics,TUR,1,1,0,2
2022 Winter Olympics,CZE,1,1,0,2
2022 Winter Olympics,BLR,0,0,2,2
2022 Winter Olympics,BEL,1,1,0,2
2020 Summer Olympics,TUN,0,1,1,2
1948 Summer Olympics,POR,1,0,1,2
1948 Summer Olympics,POL,1,1,0,2
1948 Summer Olympics,PAN,2,0,0,2
1948 Summer Olympics,KOR,2,0,0,2
1998 Winter Olympics,BLR,2,0,0,2
1996 Summer Olympics,UZB,1,0,1,2
1998 Winter Olympics,KAZ,2,0,0,2
2000 Summer Olympics,CRO,1,1,0,2
2000 Summer Olympics,CRC,2,0,0,2
2020 Summer Olympics,THA,1,1,0,2
1948 Winter Olympics,GBR,2,0,0,2
1948 Winter Olympics,BEL,0,1,1,2
1948 Summer Olympics,YUG,0,0,2,2
1948 Summer Olympics,URU,1,0,1,2
2020 Summer Olympics,NGR,1,0,1,2
2020 Summer Olympics,MAS,1,0,1,2
2020 Summer Olympics,LAT,1,1,0,2
1952 Summer Olympics,CHI,0,0,2,2
1952 Summer Olympics,AUT,1,0,1,2
2020 Summer Olympics,KOS,0,2,0,2
2020 Summer Olympics,JOR,1,0,1,2
2006 Winter Olympics,UKR,2,0,0,2
1996 Summer Olympics,TTO,2,0,0,2
1996 Summer Olympics,THA,1,1,0,2
1996 Summer Olympics,SLO,0,0,2,2
2006 Winter Olympics,POL,1,0,1,2
1952 Summer Olympics,LBN,1,0,1,2
1952 Summer Olympics,KOR,2,0,0,2
1952 Summer Olympics,IND,1,1,0,2
1952 Summer Olympics,URU,2,0,0,2
1952 Summer Olympics,TTO,2,0,0,2
1952 Winter Olympics,SUI,2,0,0,2
1952 Winter Olympics,ITA,1,1,0,2
2008 Summer Olympics,EGY,2,0,0,2
2008 Summer Olympics,DOM,0,1,1,2
1996 Summer Olympics,POR,1,1,0,2
1996 Summer Olympics,NAM,0,0,2,2
1996 Summer Olympics,MDA,1,0,1,2
2008 Summer Olympics,BEL,0,2,0,2
2008 Summer Olympics,BAH,1,0,1,2
2008 Summer Olympics,ALG,1,0,1,2
1952 Winter Olympics,CAN,1,1,0,2
2020 Summer Olympics,FIN,2,0,0,2
2020 Summer Olympics,FIJ,1,1,0,2
2020 Summer Olympics,EST,1,1,0,2
1956 Summer Olympics,BEL,0,0,2,2
1956 Summer Olympics,AUT,2,0,0,2
1956 Summer Olympics,ARG,1,0,1,2
1996 Summer Olympics,ARM,0,1,1,2
1994 Winter Olympics,UKR,1,1,0,2
1996 Summer Olympics,GEO,2,0,0,2
1996 Summer Olympics,CRO,0,1,1,2
1996 Summer Olympics,MAS,1,0,1,2
1996 Summer Olympics,MAR,2,0,0,2
2008 Summer Olympics,EST,0,1,1,2
2020 Summer Olympics,BAH,0,2,0,2
1956 Summer Olympics,NZL,0,2,0,2
1956 Summer Olympics,MEX,1,1,0,2
1956 Summer Olympics,KOR,1,0,1,2
1956 Winter Olympics,GER,1,1,0,2
2018 Winter Olympics,SLO,1,0,1,2
2018 Winter Olympics,POL,1,1,0,2
2018 Winter Olympics,NZL,2,0,0,2
1960 Summer Olympics,BRA,2,0,0,2
1960 Summer Olympics,AUT,0,1,1,2
1960 Summer Olympics,ARG,1,0,1,2
1992 Summer Olympics,SLO,2,0,0,2
1994 Winter Olympics,BLR,0,0,2,2
1992 Winter Olympics,LUX,0,0,2,2
1994 Winter Olympics,GBR,2,0,0,2
2008 Summer Olympics,IRI,1,1,0,2
2018 Winter Olympics,ESP,2,0,0,2
1960 Summer Olympics,UAR,1,0,1,2
1960 Summer Olympics,PAK,1,1,0,2
1960 Winter Olympics,SUI,0,2,0,2
1960 Winter Olympics,POL,1,0,1,2
1960 Winter Olympics,NED,1,0,1,2
1960 Summer Olympics,YUG,0,1,1,2
1960 Summer Olympics,WIF,2,0,0,2
2016 Summer Olympics,VIE,0,1,1,2
2008 Summer Olympics,POR,0,1,1,2
1992 Summer Olympics,RSA,0,0,2,2
1992 Summer Olympics,NAM,0,0,2,2
1992 Summer Olympics,MGL,2,0,0,2
2008 Summer Olympics,MAR,1,0,1,2
1964 Summer Olympics,IRI,2,0,0,2
1964 Summer Olympics,TUN,1,0,1,2
2016 Summer Olympics,MGL,1,0,1,2
1968 Summer Olympics,BEL,1,0,1,2
1968 Summer Olympics,ARG,2,0,0,2
1964 Winter Olympics,NED,0,1,1,2
1968 Summer Olympics,ETH,0,1,1,2
2016 Summer Olympics,ISR,2,0,0,2
2016 Summer Olympics,IRL,0,0,2,2
2016 Summer Olympics,IOA,1,1,0,2
2016 Summer Olympics,IND,1,0,1,2
2008 Summer Olympics,TTO,0,1,1,2
2008 Summer Olympics,TJK,1,0,1,2
1992 Summer Olympics,EST,1,1,0,2
1992 Summer Olympics,LTU,1,1,0,2
1992 Summer Olympics,ISR,1,0,1,2
1992 Summer Olympics,IRL,0,1,1,2
1992 Summer Olympics,GRE,0,2,0,2
1968 Summer Olympics,TUR,0,2,0,2
1968 Summer Olympics,TUN,1,1,0,2
1968 Summer Olympics,NOR,0,1,1,2
1968 Summer Olympics,KOR,1,0,1,2
1968 Summer Olympics,UGA,1,0,1,2
2016 Summer Olympics,CIV,1,1,0,2
2016 Summer Olympics,BRN,0,1,1,2
1972 Summer Olympics,ETH,2,0,0,2
1972 Summer Olympics,BRA,2,0,0,2
1972 Summer Olympics,BEL,0,0,2,2
1972 Summer Olympics,GRE,0,0,2,2
2016 Summer Olympics,BAH,1,1,0,2
2010 Winter Olympics,LAT,0,0,2,2
1988 Winter Olympics,FRA,1,1,0,2
1988 Summer Olympics,TUR,0,1,1,2
1992 Summer Olympics,AUT,0,0,2,2
1992 Summer Olympics,ALG,1,1,0,2
2016 Summer Olympics,ALG,0,0,2,2
2014 Winter Olympics,UKR,1,1,0,2
1972 Summer Olympics,UGA,0,1,1,2
1976 Summer Olympics,ESP,0,0,2,2
1976 Summer Olympics,BRA,2,0,0,2
1976 Summer Olympics,NOR,0,1,1,2
1976 Summer Olympics,MEX,1,1,0,2
1976 Summer Olympics,JAM,0,1,1,2
1976 Summer Olympics,IRI,1,0,1,2
1976 Summer Olympics,PRK,0,1,1,2
1976 Summer Olympics,POR,0,0,2,2
2012 Summer Olympics,ARM,1,0,1,2
1988 Summer Olympics,JAM,0,0,2,2
1988 Summer Olympics,MEX,2,0,0,2
2012 Summer Olympics,TPE,1,1,0,2
1976 Winter Olympics,SWE,2,0,0,2
1976 Winter Olympics,LIE,2,0,0,2
1980 Summer Olympics,IRL,1,0,1,2
2012 Summer Olympics,SGP,2,0,0,2
2012 Summer Olympics,QAT,1,0,1,2
2012 Summer Olympics,PUR,1,0,1,2
1980 Summer Olympics,TAN,0,0,2,2
1980 Summer Olympics,SUI,0,2,0,2
1980 Winter Olympics,ITA,0,0,2,2
1980 Winter Olympics,CAN,1,0,1,2
2012 Summer Olympics,MAS,1,0,1,2
1984 Winter Olympics,LIE,2,0,0,2
1984 Winter Olympics,ITA,0,2,0,2
1988 Summer Olympics,BEL,2,0,0,2
1988 Summer Olympics,ARG,1,0,1,2
2012 Summer Olympics,LAT,1,1,0,2
1984 Summer Olympics,ALG,2,0,0,2
1984 Summer Olympics,MAR,0,2,0,2
1984 Summer Olympics,GRE,1,0,1,2
2012 Summer Olympics,GRE,2,0,0,2
2012 Summer Olympics,EST,1,0,1,2
1984 Summer Olympics,PUR,1,0,1,2
1984 Summer Olympics,NGR,1,0,1,2
2012 Summer Olympics,DOM,0,1,1,2
1908 Summer Olympics,BOH,2,0,0,2
1904 Summer Olympics,GRE,1,1,0,2
1904 Summer Olympics,GBR,0,1,1,2
1900 Summer Olympics,SWE,1,1,0,2
1908 Summer Olympics,RSA,0,1,1,2
1908 Summer Olympics,NED,2,0,0,2
1912 Summer Olympics,GRE,1,1,0,2
1920 Summer Olympics,JPN,0,0,2,2
1920 Summer Olympics,ESP,0,0,2,2
2024 Summer Olympics,LCA,0,1,1,2
2024 Summer Olympics,KOS,1,0,1,2
2002 Winter Olympics,POL,1,0,1,2
2002 Winter Olympics,JPN,1,0,1,2
2002 Winter Olympics,GBR,1,1,0,2
2004 Summer Olympics,COL,2,0,0,2
2004 Summer Olympics,BAH,1,1,0,2
2004 Summer Olympics,FIN,0,0,2,2
2024 Summer Olympics,UGA,0,1,1,2
1900 Summer Olympics,IND,0,0,2,2
2024 Summer Olympics,ZAM,1,0,0,1
1900 Summer Olympics,MEX,1,0,0,1
2024 Summer Olympics,SGP,1,0,0,1
2000 Summer Olympics,MKD,1,0,0,1
2000 Summer Olympics,KUW,1,0,0,1
2000 Summer Olympics,KGZ,1,0,0,1
2000 Summer Olympics,SRI,0,0,1,1
2000 Summer Olympics,QAT,1,0,0,1
2002 Winter Olympics,BLR,1,0,0,1
2000 Summer Olympics,VIE,0,0,1,1
2000 Summer Olympics,URU,0,0,1,1
2004 Summer Olympics,IND,0,0,1,1
1924 Winter Olympics,NEP,0,1,0,1
1924 Winter Olympics,IND,0,1,0,1
1924 Winter Olympics,CAN,0,1,0,1
1924 Winter Olympics,BEL,1,0,0,1
1924 Winter Olympics,AUS,0,1,0,1
1924 Summer Olympics,URU,0,1,0,1
1928 Summer Olympics,ESP,0,1,0,1
2012 Summer Olympics,KUW,1,0,0,1
2012 Summer Olympics,KSA,1,0,0,1
1984 Summer Olympics,DOM,1,0,0,1
1984 Summer Olympics,COL,0,0,1,1
1984 Summer Olympics,CMR,1,0,0,1
1984 Summer Olympics,CIV,0,0,1,1
1980 Winter Olympics,TCH,1,0,0,1
1984 Summer Olympics,ISL,1,0,0,1
1984 Summer Olympics,IRL,0,0,1,1
1984 Summer Olympics,EGY,0,0,1,1
2012 Summer Olympics,HKG,1,0,0,1
2012 Summer Olympics,GUA,0,0,1,1
2012 Summer Olympics,GRN,0,1,0,1
2012 Summer Olympics,GAB,0,0,1,1
1984 Summer Olympics,TPE,1,0,0,1
1984 Summer Olympics,THA,0,0,1,1
1980 Winter Olympics,BUL,1,0,0,1
1980 Summer Olympics,ZIM,0,1,0,1
2012 Summer Olympics,MNE,0,0,1,1
2012 Summer Olympics,BOT,0,0,1,1
1984 Winter Olympics,JPN,0,0,1,1
1984 Winter Olympics,GBR,0,1,0,1
1984 Winter Olympics,AUT,1,0,0,1
1984 Summer Olympics,ZAM,1,0,0,1
1988 Summer Olympics,CRC,0,0,1,1
1988 Summer Olympics,COL,1,0,0,1
1988 Summer Olympics,CHI,0,0,1,1
1988 Summer Olympics,AUT,0,1,0,1
1988 Summer Olympics,AHO,0,0,1,1
1984 Winter Olympics,YUG,0,0,1,1
2012 Summer Olympics,BAH,0,1,0,1
2012 Summer Olympics,MAR,1,0,0,1
2012 Summer Olympics,UGA,0,1,0,1
2012 Summer Olympics,TJK,1,0,0,1
1980 Summer Olympics,BEL,0,1,0,1
1976 Winter Olympics,TCH,0,0,1,1
1976 Winter Olympics,GBR,0,1,0,1
1976 Winter Olympics,FRA,1,0,0,1
1980 Summer Olympics,IND,0,1,0,1
1980 Summer Olympics,GUY,1,0,0,1
2012 Summer Olympics,POR,0,0,1,1
1980 Summer Olympics,VEN,0,0,1,1
1980 Summer Olympics,UGA,0,0,1,1
1980 Summer Olympics,LBN,1,0,0,1
1980 Winter Olympics,JPN,0,0,1,1
1980 Winter Olympics,HUN,0,0,1,1
1980 Winter Olympics,GBR,0,1,0,1
1980 Winter Olympics,FRA,1,0,0,1
1976 Summer Olympics,PUR,1,0,0,1
2012 Summer Olympics,VIE,1,0,0,1
2012 Summer Olympics,ALG,0,1,0,1
2012 Summer Olympics,AFG,1,0,0,1
1988 Summer Olympics,ISV,0,0,1,1
1988 Summer Olympics,IRI,0,0,1,1
1988 Summer Olympics,INA,0,0,1,1
1988 Summer Olympics,GRE,1,0,0,1
1988 Summer Olympics,DJI,1,0,0,1
1988 Summer Olympics,SEN,0,0,1,1
1988 Summer Olympics,POR,0,1,0,1
1988 Summer Olympics,PHI,1,0,0,1
1988 Summer Olympics,PER,0,0,1,1
1988 Summer Olympics,PAK,1,0,0,1
1988 Summer Olympics,MGL,1,0,0,1
2012 Summer Olympics,VEN,0,1,0,1
1972 Summer Olympics,PAK,0,0,1,1
1972 Summer Olympics,NIG,1,0,0,1
1972 Summer Olympics,NGR,1,0,0,1
1972 Summer Olympics,MGL,0,0,1,1
1972 Winter Olympics,POL,0,1,0,1
1972 Winter Olympics,ESP,0,1,0,1
1972 Winter Olympics,CAN,0,0,1,1
2014 Winter Olympics,KAZ,1,0,0,1
2014 Winter Olympics,CRO,0,0,1,1
1976 Summer Olympics,BER,1,0,0,1
1976 Summer Olympics,AUT,1,0,0,1
1976 Summer Olympics,PAK,1,0,0,1
1976 Summer Olympics,MGL,0,0,1,1
1976 Summer Olympics,VEN,0,0,1,1
1976 Summer Olympics,TTO,0,1,0,1
1976 Summer Olympics,THA,1,0,0,1
2016 Summer Olympics,BDI,0,0,1,1
2016 Summer Olympics,AUT,1,0,0,1
2010 Winter Olympics,KAZ,0,0,1,1
2010 Winter Olympics,GBR,0,1,0,1
2010 Winter Olympics,EST,0,0,1,1
1988 Winter Olympics,JPN,1,0,0,1
1988 Summer Olympics,THA,1,0,0,1
1988 Summer Olympics,SUR,0,1,0,1
1992 Summer Olympics,BAH,1,0,0,1
1992 Summer Olympics,ARG,1,0,0,1
1988 Winter Olympics,LIE,1,0,0,1
2008 Summer Olympics,VIE,0,0,1,1
2008 Summer Olympics,VEN,1,0,0,1
2014 Winter Olympics,SVK,0,1,0,1
1972 Summer Olympics,TUR,0,0,1,1
1972 Summer Olympics,TUN,0,0,1,1
2016 Summer Olympics,FIJ,0,1,0,1
1968 Summer Olympics,TPE,1,0,0,1
1968 Summer Olympics,PAK,0,1,0,1
1968 Winter Olympics,ROU,1,0,0,1
1968 Summer Olympics,VEN,0,1,0,1
2016 Summer Olympics,EST,1,0,0,1
2016 Summer Olympics,DOM,1,0,0,1
1972 Summer Olympics,ESP,1,0,0,1
1972 Summer Olympics,DEN,0,1,0,1
1972 Summer Olympics,ARG,0,0,1,1
1972 Summer Olympics,MEX,0,0,1,1
1972 Summer Olympics,LBN,0,0,1,1
1972 Summer Olympics,KOR,0,0,1,1
1972 Summer Olympics,JAM,1,0,0,1
1972 Summer Olympics,IND,1,0,0,1
1972 Summer Olympics,GHA,1,0,0,1
1964 Winter Olympics,TCH,1,0,0,1
1964 Winter Olympics,PRK,0,0,1,1
1968 Summer Olympics,JAM,0,0,1,1
1968 Summer Olympics,IND,1,0,0,1
1968 Summer Olympics,GRE,1,0,0,1
2008 Summer Olympics,TUN,0,1,0,1
2008 Summer Olympics,TOG,1,0,0,1
1992 Summer Olympics,GHA,1,0,0,1
1992 Summer Olympics,COL,1,0,0,1
1992 Summer Olympics,MAS,1,0,0,1
2008 Summer Olympics,SUD,0,0,1,1
2008 Summer Olympics,SGP,0,0,1,1
2008 Summer Olympics,SAM,0,0,1,1
2008 Summer Olympics,RSA,0,0,1,1
2016 Summer Olympics,GRN,0,0,1,1
2016 Summer Olympics,FIN,1,0,0,1
2016 Summer Olympics,PHI,0,0,1,1
1964 Summer Olympics,PHI,0,0,1,1
1964 Summer Olympics,PAK,0,0,1,1
1964 Summer Olympics,NGR,1,0,0,1
1964 Summer Olympics,MEX,1,0,0,1
1964 Summer Olympics,KEN,1,0,0,1
1964 Summer Olympics,IRL,1,0,0,1
1964 Summer Olympics,IND,0,1,0,1
1964 Winter Olympics,GBR,0,1,0,1
1964 Summer Olympics,URU,1,0,0,1
2016 Summer Olympics,NIG,0,0,1,1
2016 Summer Olympics,NGR,1,0,0,1
2016 Summer Olympics,MAR,1,0,0,1
2016 Summer Olympics,KOS,0,1,0,1
2016 Summer Olympics,JOR,0,1,0,1
1968 Summer Olympics,CMR,0,0,1,1
1964 Summer Olympics,ARG,0,0,1,1
2016 Summer Olympics,SGP,0,1,0,1
2016 Summer Olympics,QAT,0,0,1,1
2016 Summer Olympics,PUR,0,1,0,1
2016 Summer Olympics,POR,1,0,0,1
2008 Summer Olympics,PAN,0,1,0,1
1992 Summer Olympics,QAT,1,0,0,1
1992 Summer Olympics,PUR,1,0,0,1
1992 Summer Olympics,PHI,1,0,0,1
1992 Summer Olympics,PER,0,0,1,1
1992 Summer Olympics,PAK,1,0,0,1
1992 Summer Olympics,MEX,0,0,1,1
2008 Summer Olympics,MRI,1,0,0,1
2008 Summer Olympics,MDA,1,0,0,1
2008 Summer Olympics,MAS,0,0,1,1
1992 Winter Olympics,ESP,1,0,0,1
1960 Summer Olympics,TPE,0,0,1,1
1960 Summer Olympics,SGP,0,0,1,1
1960 Summer Olympics,POR,0,0,1,1
1960 Summer Olympics,NOR,0,1,0,1
1960 Winter Olympics,TCH,0,0,1,1
1960 Winter Olympics,ITA,1,0,0,1
1960 Summer Olympics,VEN,1,0,0,1
2018 Winter Olympics,BEL,0,0,1,1
2016 Summer Olympics,UAE,1,0,0,1
2016 Summer Olympics,TTO,1,0,0,1
2016 Summer Olympics,TJK,0,1,0,1
1964 Summer Olympics,GHA,1,0,0,1
1964 Summer Olympics,ETH,0,1,0,1
1964 Summer Olympics,CUB,0,0,1,1
1964 Summer Olympics,BRA,1,0,0,1
1964 Summer Olympics,BAH,0,1,0,1
1960 Summer Olympics,ETH,0,1,0,1
2018 Winter Olympics,LIE,1,0,0,1
2018 Winter Olympics,LAT,1,0,0,1
1992 Summer Olympics,TPE,0,0,1,1
1992 Summer Olympics,THA,1,0,0,1
1992 Summer Olympics,SUR,1,0,0,1
1992 Summer Olympics,SUI,0,1,0,1
1994 Winter Olympics,AUS,1,0,0,1
1992 Winter Olympics,PRK,1,0,0,1
1992 Winter Olympics,NZL,0,0,1,1
2008 Summer Olympics,ISR,1,0,0,1
2008 Summer Olympics,ISL,0,0,1,1
1996 Summer Olympics,BDI,0,1,0,1
1996 Summer Olympics,BAH,0,0,1,1
2018 Winter Olympics,KAZ,1,0,0,1
2018 Winter Olympics,HUN,0,1,0,1
1956 Summer Olympics,ISL,0,0,1,1
1956 Summer Olympics,IND,0,1,0,1
1956 Summer Olympics,GRE,1,0,0,1
1956 Winter Olympics,HUN,1,0,0,1
1956 Summer Olympics,URU,1,0,0,1
2018 Winter Olympics,UKR,0,1,0,1
1960 Summer Olympics,ESP,1,0,0,1
1960 Summer Olympics,CAN,0,0,1,1
1956 Winter Olympics,POL,1,0,0,1
1956 Winter Olympics,JPN,0,0,1,1
1960 Summer Olympics,MEX,1,0,0,1
1960 Summer Olympics,MAR,0,0,1,1
1960 Summer Olympics,IRQ,1,0,0,1
1960 Summer Olympics,IND,0,0,1,1
1960 Summer Olympics,GRE,0,1,0,1
1960 Summer Olympics,GHA,0,0,1,1
1956 Equestrian Olympics,SUI,1,0,0,1
2020 Summer Olympics,CIV,1,0,0,1
2020 Summer Olympics,BUR,1,0,0,1
2020 Summer Olympics,BRN,0,0,1,1
2020 Summer Olympics,BOT,1,0,0,1
1996 Summer Olympics,AZE,0,0,1,1
1994 Winter Olympics,UZB,0,1,0,1
1996 Summer Olympics,HKG,0,1,0,1
1996 Summer Olympics,ECU,0,1,0,1
1996 Summer Olympics,CRC,0,1,0,1
1996 Summer Olympics,LTU,1,0,0,1
1996 Summer Olympics,LAT,0,0,1,1
1996 Summer Olympics,ISR,1,0,0,1
1996 Summer Olympics,IND,1,0,0,1
2020 Summer Olympics,BER,0,1,0,1
1956 Summer Olympics,PAK,0,0,1,1
1956 Equestrian Olympics,CAN,1,0,0,1
1952 Winter Olympics,HUN,1,0,0,1
1952 Winter Olympics,GBR,0,1,0,1
1952 Winter Olympics,FRA,1,0,0,1
2008 Summer Olympics,ECU,0,0,1,1
2008 Summer Olympics,CMR,0,1,0,1
2008 Summer Olympics,CHI,0,0,1,1
1996 Summer Olympics,PUR,1,0,0,1
1996 Summer Olympics,PHI,0,0,1,1
1996 Summer Olympics,MOZ,1,0,0,1
1996 Summer Olympics,MGL,1,0,0,1
1996 Summer Olympics,MEX,1,0,0,1
2020 Summer Olympics,GRN,1,0,0,1
2020 Summer Olympics,GHA,1,0,0,1
1956 Summer Olympics,BRA,0,1,0,1
1956 Summer Olympics,BAH,1,0,0,1
2008 Summer Olympics,AFG,1,0,0,1
2006 Winter Olympics,SVK,0,0,1,1
1996 Summer Olympics,UGA,1,0,0,1
1996 Summer Olympics,TUN,1,0,0,1
1996 Summer Olympics,TPE,0,0,1,1
1996 Summer Olympics,TGA,0,0,1,1
1996 Summer Olympics,SYR,0,1,0,1
2006 Winter Olympics,LAT,1,0,0,1
2006 Winter Olympics,JPN,0,1,0,1
2006 Winter Olympics,GBR,0,0,1,1
1998 Winter Olympics,GBR,1,0,0,1
1952 Summer Olympics,IRL,0,0,1,1
1952 Summer Olympics,ESP,0,0,1,1
1952 Summer Olympics,VEN,1,0,0,1
1952 Summer Olympics,POR,1,0,0,1
1956 Equestrian Olympics,DEN,0,0,1,1
1948 Winter Olympics,HUN,0,0,1,1
1948 Summer Olympics,TTO,0,0,1,1
1948 Summer Olympics,SRI,0,0,1,1
2020 Summer Olympics,NAM,0,0,1,1
2020 Summer Olympics,MKD,0,0,1,1
2020 Summer Olympics,MDA,1,0,0,1
2020 Summer Olympics,MAR,0,1,0,1
2020 Summer Olympics,LTU,0,0,1,1
2020 Summer Olympics,KUW,1,0,0,1
2020 Summer Olympics,KSA,0,0,1,1
1952 Summer Olympics,EGY,1,0,0,1
1952 Summer Olympics,BUL,1,0,0,1
1948 Winter Olympics,TCH,0,0,1,1
1948 Winter Olympics,ITA,0,1,0,1
1952 Summer Olympics,MEX,0,0,1,1
1952 Summer Olympics,LUX,0,1,0,1
1948 Summer Olympics,IRI,1,0,0,1
1998 Winter Olympics,DEN,0,0,1,1
1998 Winter Olympics,BUL,0,1,0,1
1998 Winter Olympics,BEL,1,0,0,1
1998 Winter Olympics,AUS,1,0,0,1
1996 Summer Olympics,ZAM,0,0,1,1
2000 Summer Olympics,ARM,1,0,0,1
1998 Winter Olympics,UKR,0,0,1,1
2000 Summer Olympics,COL,0,1,0,1
2000 Summer Olympics,CMR,0,1,0,1
2000 Summer Olympics,CHI,1,0,0,1
2000 Summer Olympics,BAR,1,0,0,1
1948 Summer Olympics,IND,0,1,0,1
2020 Summer Olympics,TKM,0,0,1,1
2020 Summer Olympics,SYR,1,0,0,1
2020 Summer Olympics,PUR,0,1,0,1
1936 Summer Olympics,PHI,1,0,0,1
1936 Summer Olympics,NZL,0,1,0,1
1936 Summer Olympics,IND,0,1,0,1
1936 Winter Olympics,HUN,1,0,0,1
1936 Winter Olympics,FRA,1,0,0,1
1936 Winter Olympics,CAN,0,0,1,1
1936 Summer Olympics,YUG,0,0,1,1
1936 Summer Olympics,RSA,0,0,1,1
1936 Summer Olympics,ROU,0,0,1,1
2022 Winter Olympics,ESP,0,0,1,1
1948 Summer Olympics,ESP,0,0,1,1
1948 Summer Olympics,CUB,0,0,1,1
1948 Summer Olympics,BRA,1,0,0,1
1948 Summer Olympics,PUR,1,0,0,1
1948 Summer Olympics,PER,0,1,0,1
1948 Summer Olympics,IRL,1,0,0,1
1932 Summer Olympics,IND,0,1,0,1
1932 Summer Olympics,ESP,1,0,0,1
1932 Summer Olympics,BEL,1,0,0,1
1928 Winter Olympics,TCH,1,0,0,1
1932 Summer Olympics,URU,1,0,0,1
1932 Summer Olympics,SUI,0,0,1,1
1932 Summer Olympics,NZL,0,0,1,1
1932 Summer Olympics,LAT,0,0,1,1
2022 Winter Olympics,POL,1,0,0,1
2022 Winter Olympics,LAT,1,0,0,1
2022 Winter Olympics,EST,1,0,0,1
1936 Summer Olympics,AUS,1,0,0,1
1932 Winter Olympics,SUI,0,0,1,1
1932 Winter Olympics,HUN,1,0,0,1
1932 Winter Olympics,FRA,0,1,0,1
1936 Summer Olympics,POR,1,0,0,1
1928 Winter Olympics,CAN,0,1,0,1
1928 Winter Olympics,BEL,1,0,0,1
1928 Summer Olympics,URU,0,1,0,1
2022 Winter Olympics,UKR,0,0,1,1
2006 Winter Olympics,BUL,0,0,1,1
2006 Winter Olympics,BLR,0,0,1,1
2004 Summer Olympics,UAE,0,1,0,1
2004 Summer Olympics,TTO,1,0,0,1
2004 Summer Olympics,SYR,1,0,0,1
2000 Summer Olympics,ISR,1,0,0,1
2000 Summer Olympics,ISL,1,0,0,1
2000 Summer Olympics,IRL,0,0,1,1
2000 Summer Olympics,IND,1,0,0,1
2004 Summer Olympics,PAR,0,0,1,1
2004 Summer Olympics,MGL,1,0,0,1
2000 Summer Olympics,MOZ,0,1,0,1
1928 Summer Olympics,CHI,0,0,1,1
1928 Summer Olympics,POR,1,0,0,1
1928 Summer Olympics,PHI,1,0,0,1
1928 Summer Olympics,NZL,0,1,0,1
1928 Summer Olympics,LUX,0,1,0,1
1928 Summer Olympics,IRL,0,1,0,1
1928 Summer Olympics,IND,0,1,0,1
1928 Summer Olympics,HAI,0,0,1,1
2024 Summer Olympics,DMA,0,1,0,1
2024 Summer Olympics,CYP,0,0,1,1
2024 Summer Olympics,CPV,1,0,0,1
2024 Summer Olympics,CIV,1,0,0,1
1928 Winter Olympics,SUI,1,0,0,1
1928 Winter Olympics,GER,1,0,0,1
1928 Winter Olympics,GBR,1,0,0,1
1928 Winter Olympics,FRA,0,1,0,1
2024 Summer Olympics,SVK,1,0,0,1
2024 Summer Olympics,QAT,1,0,0,1
1900 Summer Olympics,ESP,0,1,0,1
2024 Summer Olympics,PER,1,0,0,1
2024 Summer Olympics,PAN,0,0,1,1
2024 Summer Olympics,PAK,0,1,0,1
2024 Summer Olympics,JOR,0,0,1,1
1920 Summer Olympics,NZL,1,0,0,1
1924 Summer Olympics,ROU,1,0,0,1
1924 Summer Olympics,POR,1,0,0,1
1924 Summer Olympics,NZL,1,0,0,1
1924 Summer Olympics,MON,1,0,0,1
1924 Summer Olympics,JPN,1,0,0,1
1924 Summer Olympics,HAI,1,0,0,1
1924 Summer Olympics,GRE,0,1,0,1
2024 Summer Olympics,EOR,1,0,0,1
1984 Summer Olympics,SYR,0,0,1,1
1984 Summer Olympics,PER,0,0,1,1
1984 Summer Olympics,PAK,0,1,0,1
2012 Summer Olympics,CYP,0,0,1,1
2012 Summer Olympics,CMR,1,0,0,1
2012 Summer Olympics,BRN,0,1,0,1
2024 Summer Olympics,MGL,0,0,1,1
1908 Summer Olympics,AUT,1,0,0,1
1912 Summer Olympics,SUI,0,1,0,1
1920 Summer Olympics,LUX,0,0,1,1
1920 Summer Olympics,GRE,0,0,1,1
2004 Summer Olympics,HKG,0,0,1,1
2002 Winter Olympics,SLO,1,0,0,1
2004 Summer Olympics,CMR,0,1,0,1
2004 Summer Olympics,ERI,1,0,0,1
2004 Summer Olympics,DOM,0,1,0,1
