edition,country_noc,male_athletes,Mixed,Open,female_athletes,total_athletes
1896 Summer Olympics,AUS,1,0,0,0,1
1896 Summer Olympics,AUT,3,0,0,0,3
1896 Summer Olympics,DEN,2,0,0,0,2
1896 Summer Olympics,FRA,7,0,0,0,7
1896 Summer Olympics,GBR,8,0,0,0,8
1896 Summer Olympics,GER,7,0,0,0,7
1896 Summer Olympics,GRE,39,0,0,0,39
1896 Summer Olympics,HUN,5,0,0,0,5
1896 Summer Olympics,SUI,1,0,0,0,1
1896 Summer Olympics,USA,12,0,0,0,12
1900 Summer Olympics,AUS,1,0,0,0,1
1900 Summer Olympics,AUT,4,0,0,0,4
1900 Summer Olympics,BEL,10,0,4,0,14
1900 Summer Olympics,BOH,1,1,0,1,3
1900 Summer Olympics,CUB,1,0,0,0,1
1900 Summer Olympics,DEN,5,0,0,0,5
1900 Summer Olympics,ESP,1,0,0,0,1
1900 Summer Olympics,FRA,61,2,30,2,95
1900 Summer Olympics,GBR,20,3,6,1,30
1900 Summer Olympics,GER,6,0,2,0,8
1900 Summer Olympics,HUN,3,0,0,0,3
1900 Summer Olympics,IND,1,0,0,0,1
1900 Summer Olympics,ITA,3,0,1,0,4
1900 Summer Olympics,MEX,1,0,0,0,1
1900 Summer Olympics,NED,5,0,1,0,6
1900 Summer Olympics,NOR,3,0,0,0,3
1900 Summer Olympics,SUI,4,0,2,1,7
1900 Summer Olympics,SWE,2,0,0,0,2
1900 Summer Olympics,USA,27,1,2,2,32
1904 Summer Olympics,CAN,6,0,0,0,6
1904 Summer Olympics,CUB,2,0,0,0,2
1904 Summer Olympics,GBR,2,0,0,0,2
1904 Summer Olympics,GER,7,0,0,0,7
1904 Summer Olympics,GRE,2,0,0,0,2
1904 Summer Olympics,HUN,2,0,0,0,2
1904 Summer Olympics,USA,157,0,0,4,161
1908 Summer Olympics,ANZ,4,0,0,0,4
1908 Summer Olympics,AUT,1,0,0,0,1
1908 Summer Olympics,BEL,6,0,1,0,7
1908 Summer Olympics,BOH,2,0,0,0,2
1908 Summer Olympics,CAN,15,0,0,0,15
1908 Summer Olympics,DEN,5,0,0,0,5
1908 Summer Olympics,FIN,5,0,0,0,5
1908 Summer Olympics,FRA,16,0,2,0,18
1908 Summer Olympics,GBR,111,2,8,10,131
1908 Summer Olympics,GER,11,1,0,1,13
1908 Summer Olympics,GRE,3,0,0,0,3
1908 Summer Olympics,HUN,7,0,0,0,7
1908 Summer Olympics,ITA,4,0,0,0,4
1908 Summer Olympics,NED,2,0,0,0,2
1908 Summer Olympics,NOR,6,0,0,0,6
1908 Summer Olympics,RSA,2,0,0,0,2
1908 Summer Olympics,RUS,3,0,0,0,3
1908 Summer Olympics,SWE,20,0,1,1,22
1908 Summer Olympics,USA,40,0,0,0,40
1912 Summer Olympics,ANZ,3,0,0,2,5
1912 Summer Olympics,AUT,3,0,0,1,4
1912 Summer Olympics,BEL,6,0,0,0,6
1912 Summer Olympics,CAN,7,0,0,0,7
1912 Summer Olympics,DEN,9,0,1,1,11
1912 Summer Olympics,FIN,17,0,3,0,20
1912 Summer Olympics,FRA,7,1,2,1,11
1912 Summer Olympics,GBR,32,2,0,5,39
1912 Summer Olympics,GER,21,1,1,2,25
1912 Summer Olympics,GRE,1,0,0,0,1
1912 Summer Olympics,HUN,8,0,0,0,8
1912 Summer Olympics,ITA,6,0,2,0,8
1912 Summer Olympics,NED,3,0,0,0,3
1912 Summer Olympics,NOR,7,0,2,1,10
1912 Summer Olympics,RSA,5,0,0,0,5
1912 Summer Olympics,RUS,4,0,1,0,5
1912 Summer Olympics,SUI,0,0,1,0,1
1912 Summer Olympics,SWE,49,1,4,2,56
1912 Summer Olympics,USA,50,0,1,0,51
1920 Summer Olympics,AUS,3,0,0,0,3
1920 Summer Olympics,BEL,26,0,9,0,35
1920 Summer Olympics,BRA,3,0,0,0,3
1920 Summer Olympics,CAN,8,0,0,0,8
1920 Summer Olympics,DEN,11,0,0,1,12
1920 Summer Olympics,ESP,2,0,0,0,2
1920 Summer Olympics,EST,3,0,0,0,3
1920 Summer Olympics,FIN,28,1,0,0,29
1920 Summer Olympics,FRA,34,1,2,2,39
1920 Summer Olympics,GBR,28,2,2,5,37
1920 Summer Olympics,GRE,1,0,0,0,1
1920 Summer Olympics,ITA,21,0,2,0,23
1920 Summer Olympics,JPN,2,0,0,0,2
1920 Summer Olympics,LUX,1,0,0,0,1
1920 Summer Olympics,NED,6,0,3,0,9
1920 Summer Olympics,NOR,15,1,9,0,25
1920 Summer Olympics,NZL,1,0,0,0,1
1920 Summer Olympics,RSA,9,0,0,0,9
1920 Summer Olympics,SUI,11,0,0,0,11
1920 Summer Olympics,SWE,49,0,3,4,56
1920 Summer Olympics,TCH,1,1,0,0,2
1920 Summer Olympics,USA,71,0,0,8,79
1924 Summer Olympics,ARG,6,0,0,0,6
1924 Summer Olympics,AUS,4,0,0,0,4
1924 Summer Olympics,AUT,4,0,0,0,4
1924 Summer Olympics,BEL,11,0,1,0,12
1924 Summer Olympics,CAN,4,0,0,0,4
1924 Summer Olympics,DEN,6,0,3,2,11
1924 Summer Olympics,EST,6,0,0,0,6
1924 Summer Olympics,FIN,29,0,1,0,30
1924 Summer Olympics,FRA,30,0,4,1,35
1924 Summer Olympics,GBR,23,0,2,8,33
1924 Summer Olympics,GRE,0,0,1,0,1
1924 Summer Olympics,HAI,1,0,0,0,1
1924 Summer Olympics,HUN,9,0,1,0,10
1924 Summer Olympics,IRL,0,0,2,0,2
1924 Summer Olympics,ITA,15,0,0,0,15
1924 Summer Olympics,JPN,1,0,0,0,1
1924 Summer Olympics,LUX,0,0,2,0,2
1924 Summer Olympics,MON,0,0,1,0,1
1924 Summer Olympics,NED,8,1,2,0,11
1924 Summer Olympics,NOR,6,0,3,0,9
1924 Summer Olympics,NZL,1,0,0,0,1
1924 Summer Olympics,POL,2,0,0,0,2
1924 Summer Olympics,POR,1,0,0,0,1
1924 Summer Olympics,ROU,1,0,0,0,1
1924 Summer Olympics,RSA,3,0,0,0,3
1924 Summer Olympics,SUI,20,0,0,0,20
1924 Summer Olympics,SWE,24,0,0,2,26
1924 Summer Olympics,TCH,6,0,0,0,6
1924 Summer Olympics,URU,1,0,0,0,1
1924 Summer Olympics,USA,74,2,0,12,88
1924 Summer Olympics,YUG,1,0,0,0,1
1924 Winter Olympics,AUS,0,0,1,0,1
1924 Winter Olympics,AUT,1,1,0,1,3
1924 Winter Olympics,BEL,1,0,0,0,1
1924 Winter Olympics,CAN,1,0,0,0,1
1924 Winter Olympics,FIN,4,1,0,0,5
1924 Winter Olympics,FRA,2,1,0,0,3
1924 Winter Olympics,GBR,3,0,1,1,5
1924 Winter Olympics,IND,0,0,1,0,1
1924 Winter Olympics,NEP,0,0,1,0,1
1924 Winter Olympics,NOR,8,0,0,0,8
1924 Winter Olympics,SUI,3,0,0,0,3
1924 Winter Olympics,SWE,2,0,0,0,2
1924 Winter Olympics,USA,3,0,0,1,4
1928 Summer Olympics,ARG,7,0,0,0,7
1928 Summer Olympics,AUS,3,0,0,0,3
1928 Summer Olympics,AUT,3,0,1,0,4
1928 Summer Olympics,BEL,3,0,0,0,3
1928 Summer Olympics,CAN,10,0,0,3,13
1928 Summer Olympics,CHI,1,0,0,0,1
1928 Summer Olympics,DEN,4,0,4,0,8
1928 Summer Olympics,EGY,3,0,0,0,3
1928 Summer Olympics,ESP,1,0,0,0,1
1928 Summer Olympics,EST,4,0,1,0,5
1928 Summer Olympics,FIN,21,0,1,0,22
1928 Summer Olympics,FRA,19,0,4,0,23
1928 Summer Olympics,GBR,13,0,2,4,19
1928 Summer Olympics,GER,23,0,8,6,37
1928 Summer Olympics,HAI,1,0,0,0,1
1928 Summer Olympics,HUN,9,0,1,0,10
1928 Summer Olympics,IND,1,0,0,0,1
1928 Summer Olympics,IRL,1,0,0,0,1
1928 Summer Olympics,ITA,18,0,1,1,20
1928 Summer Olympics,JPN,4,0,0,1,5
1928 Summer Olympics,LUX,0,0,1,0,1
1928 Summer Olympics,NED,13,0,5,4,22
1928 Summer Olympics,NOR,2,0,2,0,4
1928 Summer Olympics,NZL,1,0,0,0,1
1928 Summer Olympics,PHI,1,0,0,0,1
1928 Summer Olympics,POL,4,0,2,1,7
1928 Summer Olympics,POR,1,0,0,0,1
1928 Summer Olympics,RSA,2,0,0,1,3
1928 Summer Olympics,SUI,9,0,2,0,11
1928 Summer Olympics,SWE,18,0,2,3,23
1928 Summer Olympics,TCH,7,0,0,0,7
1928 Summer Olympics,URU,1,0,0,0,1
1928 Summer Olympics,USA,40,0,0,11,51
1928 Summer Olympics,YUG,4,0,0,0,4
1928 Winter Olympics,AUT,1,2,0,1,4
1928 Winter Olympics,BEL,1,0,0,0,1
1928 Winter Olympics,CAN,1,0,0,0,1
1928 Winter Olympics,FIN,3,0,0,0,3
1928 Winter Olympics,FRA,0,1,0,0,1
1928 Winter Olympics,GBR,1,0,0,0,1
1928 Winter Olympics,GER,1,0,0,0,1
1928 Winter Olympics,NOR,10,0,0,1,11
1928 Winter Olympics,SUI,1,0,0,0,1
1928 Winter Olympics,SWE,5,0,0,0,5
1928 Winter Olympics,TCH,1,0,0,0,1
1928 Winter Olympics,USA,4,0,0,1,5
1932 Summer Olympics,ARG,4,0,0,0,4
1932 Summer Olympics,AUS,3,0,0,2,5
1932 Summer Olympics,AUT,3,0,0,1,4
1932 Summer Olympics,BEL,0,0,1,0,1
1932 Summer Olympics,CAN,7,0,3,3,13
1932 Summer Olympics,DEN,5,0,2,1,8
1932 Summer Olympics,ESP,0,0,1,0,1
1932 Summer Olympics,FIN,21,0,0,0,21
1932 Summer Olympics,FRA,18,0,2,0,20
1932 Summer Olympics,GBR,11,0,2,4,17
1932 Summer Olympics,GER,18,0,4,2,24
1932 Summer Olympics,HUN,11,0,1,1,13
1932 Summer Olympics,IND,1,0,0,0,1
1932 Summer Olympics,IRL,2,0,0,0,2
1932 Summer Olympics,ITA,32,0,0,0,32
1932 Summer Olympics,JPN,16,0,0,1,17
1932 Summer Olympics,LAT,1,0,0,0,1
1932 Summer Olympics,MEX,2,0,0,0,2
1932 Summer Olympics,NED,3,0,2,2,7
1932 Summer Olympics,NZL,1,0,0,0,1
1932 Summer Olympics,PHI,3,0,0,0,3
1932 Summer Olympics,POL,4,0,2,2,8
1932 Summer Olympics,RSA,3,0,0,2,5
1932 Summer Olympics,SUI,1,0,0,0,1
1932 Summer Olympics,SWE,18,0,3,0,21
1932 Summer Olympics,TCH,4,0,2,0,6
1932 Summer Olympics,URU,1,0,0,0,1
1932 Summer Olympics,USA,72,0,10,17,99
1932 Winter Olympics,AUT,1,0,0,1,2
1932 Winter Olympics,CAN,5,0,0,0,5
1932 Winter Olympics,FIN,2,0,0,0,2
1932 Winter Olympics,FRA,0,1,0,0,1
1932 Winter Olympics,GER,2,0,0,0,2
1932 Winter Olympics,HUN,0,1,0,0,1
1932 Winter Olympics,NOR,9,0,0,1,10
1932 Winter Olympics,SUI,1,0,0,0,1
1932 Winter Olympics,SWE,3,0,0,0,3
1932 Winter Olympics,USA,8,1,0,1,10
1936 Summer Olympics,ARG,6,0,0,1,7
1936 Summer Olympics,AUS,1,0,0,0,1
1936 Summer Olympics,AUT,10,0,4,1,15
1936 Summer Olympics,BEL,2,0,1,0,3
1936 Summer Olympics,CAN,7,0,0,2,9
1936 Summer Olympics,DEN,3,0,0,2,5
1936 Summer Olympics,EGY,5,0,0,0,5
1936 Summer Olympics,EST,5,0,0,0,5
1936 Summer Olympics,FIN,17,0,1,0,18
1936 Summer Olympics,FRA,18,0,0,0,18
1936 Summer Olympics,GBR,10,0,2,2,14
1936 Summer Olympics,GER,63,0,15,13,91
1936 Summer Olympics,HUN,12,0,0,3,15
1936 Summer Olympics,IND,1,0,0,0,1
1936 Summer Olympics,ITA,18,0,6,1,25
1936 Summer Olympics,JPN,14,0,2,1,17
1936 Summer Olympics,LAT,2,0,0,0,2
1936 Summer Olympics,MEX,3,0,0,0,3
1936 Summer Olympics,NED,8,0,2,3,13
1936 Summer Olympics,NOR,4,0,2,0,6
1936 Summer Olympics,NZL,1,0,0,0,1
1936 Summer Olympics,PHI,1,0,0,0,1
1936 Summer Olympics,POL,3,0,3,3,9
1936 Summer Olympics,POR,1,0,0,0,1
1936 Summer Olympics,ROU,1,0,0,0,1
1936 Summer Olympics,RSA,1,0,0,0,1
1936 Summer Olympics,SUI,11,0,3,0,14
1936 Summer Olympics,SWE,17,0,3,0,20
1936 Summer Olympics,TCH,7,0,1,1,9
1936 Summer Olympics,TUR,2,0,0,0,2
1936 Summer Olympics,USA,40,0,1,9,50
1936 Summer Olympics,YUG,1,0,0,0,1
1936 Winter Olympics,AUT,3,1,0,0,4
1936 Winter Olympics,CAN,1,0,0,0,1
1936 Winter Olympics,FIN,4,0,0,0,4
1936 Winter Olympics,FRA,1,0,0,0,1
1936 Winter Olympics,GBR,2,0,0,1,3
1936 Winter Olympics,GER,3,1,0,2,6
1936 Winter Olympics,HUN,0,1,0,0,1
1936 Winter Olympics,NOR,9,0,0,2,11
1936 Winter Olympics,SUI,3,0,0,0,3
1936 Winter Olympics,SWE,6,0,0,1,7
1936 Winter Olympics,USA,4,0,0,0,4
1948 Summer Olympics,ARG,5,0,1,1,7
1948 Summer Olympics,AUS,7,0,0,4,11
1948 Summer Olympics,AUT,0,0,4,4,8
1948 Summer Olympics,BEL,6,0,0,0,6
1948 Summer Olympics,BRA,1,0,0,0,1
1948 Summer Olympics,CAN,2,0,1,1,4
1948 Summer Olympics,CUB,0,0,1,0,1
1948 Summer Olympics,DEN,10,0,4,6,20
1948 Summer Olympics,EGY,5,0,0,0,5
1948 Summer Olympics,ESP,1,0,0,0,1
1948 Summer Olympics,FIN,12,0,4,1,17
1948 Summer Olympics,FRA,24,0,3,2,29
1948 Summer Olympics,GBR,17,0,5,5,27
1948 Summer Olympics,HUN,21,0,1,4,26
1948 Summer Olympics,IND,1,0,0,0,1
1948 Summer Olympics,IRI,1,0,0,0,1
1948 Summer Olympics,IRL,0,0,1,0,1
1948 Summer Olympics,ITA,24,0,4,2,30
1948 Summer Olympics,JAM,2,0,0,0,2
1948 Summer Olympics,KOR,2,0,0,0,2
1948 Summer Olympics,MEX,5,0,0,0,5
1948 Summer Olympics,NED,5,0,2,6,13
1948 Summer Olympics,NOR,6,0,1,0,7
1948 Summer Olympics,PAN,1,0,0,0,1
1948 Summer Olympics,PER,1,0,0,0,1
1948 Summer Olympics,POL,1,0,1,0,2
1948 Summer Olympics,POR,1,0,1,0,2
1948 Summer Olympics,PUR,1,0,0,0,1
1948 Summer Olympics,RSA,4,0,2,0,6
1948 Summer Olympics,SRI,1,0,0,0,1
1948 Summer Olympics,SUI,15,0,2,0,17
1948 Summer Olympics,SWE,40,0,4,1,45
1948 Summer Olympics,TCH,8,0,0,1,9
1948 Summer Olympics,TTO,1,0,0,0,1
1948 Summer Olympics,TUR,12,0,0,0,12
1948 Summer Olympics,URU,2,0,0,0,2
1948 Summer Olympics,USA,60,0,4,9,73
1948 Summer Olympics,YUG,2,0,0,0,2
1948 Winter Olympics,AUT,2,0,0,4,6
1948 Winter Olympics,BEL,1,1,0,0,2
1948 Winter Olympics,CAN,1,1,0,1,3
1948 Winter Olympics,FIN,6,0,0,0,6
1948 Winter Olympics,FRA,2,0,0,0,2
1948 Winter Olympics,GBR,1,0,0,1,2
1948 Winter Olympics,HUN,0,1,0,0,1
1948 Winter Olympics,ITA,1,0,0,0,1
1948 Winter Olympics,NOR,9,0,0,0,9
1948 Winter Olympics,SUI,7,0,0,2,9
1948 Winter Olympics,SWE,8,0,0,0,8
1948 Winter Olympics,TCH,1,0,0,0,1
1948 Winter Olympics,USA,6,0,0,1,7
1952 Summer Olympics,ARG,5,0,0,0,5
1952 Summer Olympics,AUS,6,0,0,2,8
1952 Summer Olympics,AUT,1,0,0,1,2
1952 Summer Olympics,BEL,3,0,0,0,3
1952 Summer Olympics,BRA,3,0,0,0,3
1952 Summer Olympics,BUL,1,0,0,0,1
1952 Summer Olympics,CAN,3,0,0,0,3
1952 Summer Olympics,CHI,2,0,0,0,2
1952 Summer Olympics,DEN,3,0,2,1,6
1952 Summer Olympics,EGY,1,0,0,0,1
1952 Summer Olympics,ESP,1,0,0,0,1
1952 Summer Olympics,FIN,19,0,1,1,21
1952 Summer Olympics,FRA,15,0,1,1,17
1952 Summer Olympics,GBR,6,0,1,4,11
1952 Summer Olympics,GER,18,0,2,3,23
1952 Summer Olympics,HUN,25,0,0,11,36
1952 Summer Olympics,IND,2,0,0,0,2
1952 Summer Olympics,IRI,7,0,0,0,7
1952 Summer Olympics,IRL,1,0,0,0,1
1952 Summer Olympics,ITA,18,0,1,1,20
1952 Summer Olympics,JAM,3,0,0,0,3
1952 Summer Olympics,JPN,7,0,0,0,7
1952 Summer Olympics,KOR,2,0,0,0,2
1952 Summer Olympics,LBN,2,0,0,0,2
1952 Summer Olympics,LUX,1,0,0,0,1
1952 Summer Olympics,MEX,1,0,0,0,1
1952 Summer Olympics,NED,1,0,0,3,4
1952 Summer Olympics,NOR,2,0,3,0,5
1952 Summer Olympics,NZL,1,0,0,2,3
1952 Summer Olympics,POL,4,0,0,0,4
1952 Summer Olympics,POR,0,0,1,0,1
1952 Summer Olympics,ROU,4,0,0,0,4
1952 Summer Olympics,RSA,6,0,0,3,9
1952 Summer Olympics,RUS,40,0,0,15,55
1952 Summer Olympics,SUI,9,0,1,0,10
1952 Summer Olympics,SWE,27,0,5,1,33
1952 Summer Olympics,TCH,9,0,0,2,11
1952 Summer Olympics,TTO,2,0,0,0,2
1952 Summer Olympics,TUR,3,0,0,0,3
1952 Summer Olympics,URU,2,0,0,0,2
1952 Summer Olympics,USA,64,0,3,7,74
1952 Summer Olympics,VEN,1,0,0,0,1
1952 Summer Olympics,YUG,3,0,0,0,3
1952 Winter Olympics,AUT,4,0,0,2,6
1952 Winter Olympics,CAN,2,0,0,0,2
1952 Winter Olympics,FIN,5,0,0,3,8
1952 Winter Olympics,FRA,0,0,0,1,1
1952 Winter Olympics,GBR,0,0,0,1,1
1952 Winter Olympics,GER,2,1,0,2,5
1952 Winter Olympics,HUN,0,1,0,0,1
1952 Winter Olympics,ITA,1,0,0,1,2
1952 Winter Olympics,NED,2,0,0,0,2
1952 Winter Olympics,NOR,12,0,0,0,12
1952 Winter Olympics,SUI,2,0,0,0,2
1952 Winter Olympics,SWE,4,0,0,0,4
1952 Winter Olympics,USA,7,1,0,2,10
1956 Equestrian Olympics,CAN,1,0,0,0,1
1956 Equestrian Olympics,DEN,0,0,1,0,1
1956 Equestrian Olympics,GBR,2,0,1,0,3
1956 Equestrian Olympics,GER,2,0,4,0,6
1956 Equestrian Olympics,ITA,0,0,2,0,2
1956 Equestrian Olympics,SUI,0,0,1,0,1
1956 Equestrian Olympics,SWE,1,0,2,0,3
1956 Summer Olympics,ARG,2,0,0,0,2
1956 Summer Olympics,AUS,18,0,2,8,28
1956 Summer Olympics,AUT,2,0,0,0,2
1956 Summer Olympics,BAH,0,0,1,0,1
1956 Summer Olympics,BEL,1,0,1,0,2
1956 Summer Olympics,BRA,1,0,0,0,1
1956 Summer Olympics,BUL,5,0,0,0,5
1956 Summer Olympics,CAN,4,0,0,1,5
1956 Summer Olympics,CHI,3,0,0,1,4
1956 Summer Olympics,DEN,0,0,2,1,3
1956 Summer Olympics,FIN,14,0,0,0,14
1956 Summer Olympics,FRA,13,0,0,1,14
1956 Summer Olympics,GBR,13,0,3,5,21
1956 Summer Olympics,GER,12,0,0,6,18
1956 Summer Olympics,GRE,1,0,0,0,1
1956 Summer Olympics,HUN,18,0,0,4,22
1956 Summer Olympics,IND,1,0,0,0,1
1956 Summer Olympics,IRI,5,0,0,0,5
1956 Summer Olympics,IRL,5,0,0,0,5
1956 Summer Olympics,ISL,1,0,0,0,1
1956 Summer Olympics,ITA,20,0,1,0,21
1956 Summer Olympics,JPN,12,0,0,0,12
1956 Summer Olympics,KOR,2,0,0,0,2
1956 Summer Olympics,MEX,1,0,0,0,1
1956 Summer Olympics,NOR,3,0,0,0,3
1956 Summer Olympics,NZL,1,0,1,0,2
1956 Summer Olympics,PAK,1,0,0,0,1
1956 Summer Olympics,POL,7,0,0,2,9
1956 Summer Olympics,ROU,9,0,0,3,12
1956 Summer Olympics,RSA,3,0,0,1,4
1956 Summer Olympics,RUS,67,0,0,13,80
1956 Summer Olympics,SWE,11,0,2,2,15
1956 Summer Olympics,TCH,4,0,0,2,6
1956 Summer Olympics,TUR,7,0,0,0,7
1956 Summer Olympics,URU,1,0,0,0,1
1956 Summer Olympics,USA,54,0,2,12,68
1956 Summer Olympics,YUG,3,0,0,0,3
1956 Winter Olympics,AUT,3,1,0,4,8
1956 Winter Olympics,CAN,1,1,0,1,3
1956 Winter Olympics,FIN,5,0,0,1,6
1956 Winter Olympics,GER,1,0,0,1,2
1956 Winter Olympics,HUN,0,1,0,0,1
1956 Winter Olympics,ITA,3,0,0,0,3
1956 Winter Olympics,JPN,1,0,0,0,1
1956 Winter Olympics,NOR,4,0,0,0,4
1956 Winter Olympics,POL,1,0,0,0,1
1956 Winter Olympics,RUS,8,0,0,4,12
1956 Winter Olympics,SUI,3,0,0,3,6
1956 Winter Olympics,SWE,5,0,0,1,6
1956 Winter Olympics,USA,5,0,0,2,7
1960 Summer Olympics,ARG,1,0,1,0,2
1960 Summer Olympics,AUS,13,0,0,4,17
1960 Summer Olympics,AUT,2,0,0,0,2
1960 Summer Olympics,BEL,3,0,1,0,4
1960 Summer Olympics,BRA,2,0,0,0,2
1960 Summer Olympics,BUL,7,0,0,0,7
1960 Summer Olympics,CAN,1,0,0,0,1
1960 Summer Olympics,DEN,3,0,3,0,6
1960 Summer Olympics,ESP,1,0,0,0,1
1960 Summer Olympics,ETH,1,0,0,0,1
1960 Summer Olympics,FIN,5,0,0,0,5
1960 Summer Olympics,FRA,5,0,0,0,5
1960 Summer Olympics,GBR,10,0,1,6,17
1960 Summer Olympics,GER,22,0,3,14,39
1960 Summer Olympics,GHA,1,0,0,0,1
1960 Summer Olympics,GRE,0,0,1,0,1
1960 Summer Olympics,HUN,17,0,0,2,19
1960 Summer Olympics,IND,1,0,0,0,1
1960 Summer Olympics,IRI,4,0,0,0,4
1960 Summer Olympics,IRQ,1,0,0,0,1
1960 Summer Olympics,ITA,28,0,4,2,34
1960 Summer Olympics,JPN,12,0,0,1,13
1960 Summer Olympics,MAR,1,0,0,0,1
1960 Summer Olympics,MEX,1,0,0,0,1
1960 Summer Olympics,NED,1,0,0,2,3
1960 Summer Olympics,NOR,0,0,1,0,1
1960 Summer Olympics,NZL,3,0,0,0,3
1960 Summer Olympics,PAK,2,0,0,0,2
1960 Summer Olympics,POL,17,0,0,4,21
1960 Summer Olympics,POR,0,0,1,0,1
1960 Summer Olympics,ROU,6,0,0,4,10
1960 Summer Olympics,RSA,3,0,0,0,3
1960 Summer Olympics,RUS,65,0,3,16,84
1960 Summer Olympics,SGP,1,0,0,0,1
1960 Summer Olympics,SUI,4,0,2,0,6
1960 Summer Olympics,SWE,5,0,0,1,6
1960 Summer Olympics,TCH,5,0,0,3,8
1960 Summer Olympics,TPE,1,0,0,0,1
1960 Summer Olympics,TUR,9,0,0,0,9
1960 Summer Olympics,UAR,2,0,0,0,2
1960 Summer Olympics,USA,55,0,3,7,65
1960 Summer Olympics,VEN,1,0,0,0,1
1960 Summer Olympics,WIF,1,0,0,0,1
1960 Summer Olympics,YUG,2,0,0,0,2
1960 Winter Olympics,AUT,4,0,0,1,5
1960 Winter Olympics,CAN,2,1,0,1,4
1960 Winter Olympics,FIN,5,0,0,2,7
1960 Winter Olympics,FRA,3,0,0,0,3
1960 Winter Olympics,GER,3,1,0,3,7
1960 Winter Olympics,ITA,0,0,0,1,1
1960 Winter Olympics,NED,1,0,0,1,2
1960 Winter Olympics,NOR,5,0,0,0,5
1960 Winter Olympics,POL,0,0,0,2,2
1960 Winter Olympics,RUS,9,0,0,8,17
1960 Winter Olympics,SUI,1,0,0,1,2
1960 Winter Olympics,SWE,4,0,0,1,5
1960 Winter Olympics,TCH,1,0,0,0,1
1960 Winter Olympics,USA,3,1,0,5,9
1964 Summer Olympics,ARG,0,0,1,0,1
1964 Summer Olympics,AUS,8,0,1,7,16
1964 Summer Olympics,BAH,0,0,1,0,1
1964 Summer Olympics,BEL,3,0,0,0,3
1964 Summer Olympics,BRA,1,0,0,0,1
1964 Summer Olympics,BUL,10,0,0,0,10
1964 Summer Olympics,CAN,4,0,0,0,4
1964 Summer Olympics,CUB,1,0,0,0,1
1964 Summer Olympics,DEN,4,0,2,0,6
1964 Summer Olympics,ETH,1,0,0,0,1
1964 Summer Olympics,FIN,5,0,0,0,5
1964 Summer Olympics,FRA,10,0,2,2,14
1964 Summer Olympics,GBR,10,0,2,3,15
1964 Summer Olympics,GER,31,0,6,8,45
1964 Summer Olympics,GHA,1,0,0,0,1
1964 Summer Olympics,HUN,16,0,0,5,21
1964 Summer Olympics,IND,1,0,0,0,1
1964 Summer Olympics,IRI,2,0,0,0,2
1964 Summer Olympics,IRL,1,0,0,0,1
1964 Summer Olympics,ITA,20,0,3,1,24
1964 Summer Olympics,JPN,22,0,0,2,24
1964 Summer Olympics,KEN,1,0,0,0,1
1964 Summer Olympics,KOR,3,0,0,0,3
1964 Summer Olympics,MEX,1,0,0,0,1
1964 Summer Olympics,NED,7,0,0,3,10
1964 Summer Olympics,NGR,1,0,0,0,1
1964 Summer Olympics,NZL,2,0,1,1,4
1964 Summer Olympics,PAK,1,0,0,0,1
1964 Summer Olympics,PHI,1,0,0,0,1
1964 Summer Olympics,POL,17,0,0,5,22
1964 Summer Olympics,ROU,7,0,0,5,12
1964 Summer Olympics,RUS,63,0,1,18,82
1964 Summer Olympics,SUI,2,0,1,0,3
1964 Summer Olympics,SWE,6,0,2,0,8
1964 Summer Olympics,TCH,10,0,0,2,12
1964 Summer Olympics,TTO,3,0,0,0,3
1964 Summer Olympics,TUN,2,0,0,0,2
1964 Summer Olympics,TUR,6,0,0,0,6
1964 Summer Olympics,URU,1,0,0,0,1
1964 Summer Olympics,USA,57,0,6,18,81
1964 Summer Olympics,YUG,4,0,0,0,4
1964 Winter Olympics,AUT,4,0,2,5,11
1964 Winter Olympics,CAN,1,1,0,1,3
1964 Winter Olympics,FIN,3,0,0,3,6
1964 Winter Olympics,FRA,3,0,0,2,5
1964 Winter Olympics,GBR,1,0,0,0,1
1964 Winter Olympics,GER,6,1,0,2,9
1964 Winter Olympics,ITA,3,0,1,0,4
1964 Winter Olympics,NED,1,0,0,1,2
1964 Winter Olympics,NOR,10,0,0,0,10
1964 Winter Olympics,PRK,0,0,0,1,1
1964 Winter Olympics,RUS,7,1,0,9,17
1964 Winter Olympics,SWE,4,0,0,1,5
1964 Winter Olympics,TCH,1,0,0,0,1
1964 Winter Olympics,USA,4,1,0,1,6
1968 Summer Olympics,ARG,2,0,0,0,2
1968 Summer Olympics,AUS,8,0,1,7,16
1968 Summer Olympics,AUT,1,0,1,2,4
1968 Summer Olympics,BEL,2,0,0,0,2
1968 Summer Olympics,BRA,2,0,1,0,3
1968 Summer Olympics,BUL,9,0,0,0,9
1968 Summer Olympics,CAN,1,0,1,2,4
1968 Summer Olympics,CMR,1,0,0,0,1
1968 Summer Olympics,CUB,3,0,0,1,4
1968 Summer Olympics,DEN,7,0,1,0,8
1968 Summer Olympics,ETH,1,0,0,0,1
1968 Summer Olympics,FIN,4,0,0,0,4
1968 Summer Olympics,FRA,9,0,2,1,12
1968 Summer Olympics,FRG,13,0,7,5,25
1968 Summer Olympics,GBR,4,0,7,2,13
1968 Summer Olympics,GDR,12,0,3,8,23
1968 Summer Olympics,GRE,1,0,0,0,1
1968 Summer Olympics,HUN,24,0,1,6,31
1968 Summer Olympics,IND,1,0,0,0,1
1968 Summer Olympics,IRI,5,0,0,0,5
1968 Summer Olympics,ITA,11,0,3,0,14
1968 Summer Olympics,JAM,1,0,0,0,1
1968 Summer Olympics,JPN,17,0,0,1,18
1968 Summer Olympics,KEN,7,0,0,0,7
1968 Summer Olympics,KOR,2,0,0,0,2
1968 Summer Olympics,MEX,7,0,0,2,9
1968 Summer Olympics,MGL,4,0,0,0,4
1968 Summer Olympics,NED,5,0,0,2,7
1968 Summer Olympics,NOR,1,0,1,0,2
1968 Summer Olympics,NZL,2,0,1,0,3
1968 Summer Olympics,PAK,1,0,0,0,1
1968 Summer Olympics,POL,14,0,1,2,17
1968 Summer Olympics,ROU,8,0,1,6,15
1968 Summer Olympics,RUS,51,0,8,17,76
1968 Summer Olympics,SUI,2,0,3,0,5
1968 Summer Olympics,SWE,3,0,1,0,4
1968 Summer Olympics,TCH,4,0,1,4,9
1968 Summer Olympics,TPE,0,0,0,1,1
1968 Summer Olympics,TUN,1,0,0,0,1
1968 Summer Olympics,TUR,2,0,0,0,2
1968 Summer Olympics,UGA,2,0,0,0,2
1968 Summer Olympics,USA,60,0,7,20,87
1968 Summer Olympics,VEN,1,0,0,0,1
1968 Summer Olympics,YUG,6,0,0,1,7
1968 Winter Olympics,AUT,8,0,1,2,11
1968 Winter Olympics,CAN,1,0,0,1,2
1968 Winter Olympics,FIN,2,0,0,1,3
1968 Winter Olympics,FRA,3,0,0,3,6
1968 Winter Olympics,FRG,3,1,1,2,7
1968 Winter Olympics,GDR,3,0,1,1,5
1968 Winter Olympics,ITA,3,0,0,1,4
1968 Winter Olympics,NED,3,0,0,3,6
1968 Winter Olympics,NOR,10,0,0,2,12
1968 Winter Olympics,ROU,1,0,0,0,1
1968 Winter Olympics,RUS,6,2,0,3,11
1968 Winter Olympics,SUI,5,0,0,1,6
1968 Winter Olympics,SWE,4,0,0,1,5
1968 Winter Olympics,TCH,2,0,0,1,3
1968 Winter Olympics,USA,2,0,0,2,4
1972 Summer Olympics,ARG,1,0,0,0,1
1972 Summer Olympics,AUS,5,0,2,4,11
1972 Summer Olympics,AUT,1,0,1,1,3
1972 Summer Olympics,BEL,2,0,0,0,2
1972 Summer Olympics,BRA,2,0,0,0,2
1972 Summer Olympics,BUL,17,0,0,4,21
1972 Summer Olympics,CAN,2,0,1,2,5
1972 Summer Olympics,COL,2,0,1,0,3
1972 Summer Olympics,CUB,6,0,0,2,8
1972 Summer Olympics,DEN,1,0,0,0,1
1972 Summer Olympics,ESP,1,0,0,0,1
1972 Summer Olympics,ETH,2,0,0,0,2
1972 Summer Olympics,FIN,7,0,0,0,7
1972 Summer Olympics,FRA,10,0,3,0,13
1972 Summer Olympics,FRG,20,0,7,10,37
1972 Summer Olympics,GBR,11,0,6,1,18
1972 Summer Olympics,GDR,32,0,3,20,55
1972 Summer Olympics,GHA,1,0,0,0,1
1972 Summer Olympics,GRE,1,0,1,0,2
1972 Summer Olympics,HUN,27,0,1,5,33
1972 Summer Olympics,IND,1,0,0,0,1
1972 Summer Olympics,IRI,3,0,0,0,3
1972 Summer Olympics,ITA,7,0,5,3,15
1972 Summer Olympics,JAM,1,0,0,0,1
1972 Summer Olympics,JPN,15,0,0,2,17
1972 Summer Olympics,KEN,7,0,0,0,7
1972 Summer Olympics,KOR,1,0,0,0,1
1972 Summer Olympics,LBN,1,0,0,0,1
1972 Summer Olympics,MEX,1,0,0,0,1
1972 Summer Olympics,MGL,1,0,0,0,1
1972 Summer Olympics,NED,3,0,0,1,4
1972 Summer Olympics,NGR,1,0,0,0,1
1972 Summer Olympics,NIG,1,0,0,0,1
1972 Summer Olympics,NOR,4,0,0,0,4
1972 Summer Olympics,NZL,3,0,0,0,3
1972 Summer Olympics,PAK,1,0,0,0,1
1972 Summer Olympics,POL,18,0,1,2,21
1972 Summer Olympics,PRK,3,0,1,1,5
1972 Summer Olympics,ROU,9,0,2,4,15
1972 Summer Olympics,RUS,63,0,7,15,85
1972 Summer Olympics,SUI,3,0,0,0,3
1972 Summer Olympics,SWE,7,0,5,1,13
1972 Summer Olympics,TCH,5,0,1,2,8
1972 Summer Olympics,TUN,1,0,0,0,1
1972 Summer Olympics,TUR,1,0,0,0,1
1972 Summer Olympics,UGA,2,0,0,0,2
1972 Summer Olympics,USA,53,0,10,18,81
1972 Summer Olympics,YUG,5,0,0,0,5
1972 Winter Olympics,AUT,1,0,0,3,4
1972 Winter Olympics,CAN,0,0,0,1,1
1972 Winter Olympics,ESP,1,0,0,0,1
1972 Winter Olympics,FIN,2,0,0,2,4
1972 Winter Olympics,FRA,1,0,0,2,3
1972 Winter Olympics,FRG,3,0,0,1,4
1972 Winter Olympics,GDR,8,1,2,3,14
1972 Winter Olympics,ITA,3,0,1,0,4
1972 Winter Olympics,JPN,3,0,0,0,3
1972 Winter Olympics,NED,2,0,0,2,4
1972 Winter Olympics,NOR,7,0,0,1,8
1972 Winter Olympics,POL,1,0,0,0,1
1972 Winter Olympics,RUS,7,2,0,4,13
1972 Winter Olympics,SUI,8,0,0,1,9
1972 Winter Olympics,SWE,4,0,0,0,4
1972 Winter Olympics,TCH,2,0,0,1,3
1972 Winter Olympics,USA,1,0,0,5,6
1976 Summer Olympics,AUS,2,0,3,0,5
1976 Summer Olympics,AUT,0,0,1,0,1
1976 Summer Olympics,BEL,3,0,1,0,4
1976 Summer Olympics,BER,1,0,0,0,1
1976 Summer Olympics,BRA,1,0,1,0,2
1976 Summer Olympics,BUL,14,0,0,8,22
1976 Summer Olympics,CAN,3,0,1,6,10
1976 Summer Olympics,CUB,12,0,0,0,12
1976 Summer Olympics,DEN,2,0,1,0,3
1976 Summer Olympics,ESP,1,0,1,0,2
1976 Summer Olympics,FIN,5,0,0,0,5
1976 Summer Olympics,FRA,7,0,1,1,9
1976 Summer Olympics,FRG,19,0,10,5,34
1976 Summer Olympics,GBR,10,0,2,0,12
1976 Summer Olympics,GDR,34,0,6,37,77
1976 Summer Olympics,HUN,15,0,0,5,20
1976 Summer Olympics,IRI,2,0,0,0,2
1976 Summer Olympics,ITA,8,0,2,2,12
1976 Summer Olympics,JAM,1,0,0,0,1
1976 Summer Olympics,JPN,18,0,0,1,19
1976 Summer Olympics,KOR,5,0,0,1,6
1976 Summer Olympics,MEX,2,0,0,0,2
1976 Summer Olympics,MGL,1,0,0,0,1
1976 Summer Olympics,NED,2,0,1,1,4
1976 Summer Olympics,NOR,2,0,0,0,2
1976 Summer Olympics,NZL,4,0,0,0,4
1976 Summer Olympics,PAK,1,0,0,0,1
1976 Summer Olympics,POL,22,0,2,1,25
1976 Summer Olympics,POR,1,0,1,0,2
1976 Summer Olympics,PRK,2,0,0,0,2
1976 Summer Olympics,PUR,1,0,0,0,1
1976 Summer Olympics,ROU,18,0,0,4,22
1976 Summer Olympics,RUS,78,0,5,29,112
1976 Summer Olympics,SUI,2,0,2,0,4
1976 Summer Olympics,SWE,3,0,1,1,5
1976 Summer Olympics,TCH,6,0,1,1,8
1976 Summer Olympics,THA,1,0,0,0,1
1976 Summer Olympics,TTO,1,0,0,0,1
1976 Summer Olympics,USA,58,0,10,14,82
1976 Summer Olympics,VEN,1,0,0,0,1
1976 Summer Olympics,YUG,7,0,0,0,7
1976 Winter Olympics,AUT,3,0,1,1,5
1976 Winter Olympics,CAN,1,0,0,2,3
1976 Winter Olympics,FIN,4,0,0,2,6
1976 Winter Olympics,FRA,0,0,0,1,1
1976 Winter Olympics,FRG,5,0,1,2,8
1976 Winter Olympics,GBR,1,0,0,0,1
1976 Winter Olympics,GDR,11,2,1,5,19
1976 Winter Olympics,ITA,3,0,0,1,4
1976 Winter Olympics,LIE,1,0,0,1,2
1976 Winter Olympics,NED,2,0,0,1,3
1976 Winter Olympics,NOR,4,0,0,1,5
1976 Winter Olympics,RUS,12,3,0,6,21
1976 Winter Olympics,SUI,4,0,0,0,4
1976 Winter Olympics,SWE,2,0,0,0,2
1976 Winter Olympics,TCH,1,0,0,0,1
1976 Winter Olympics,USA,3,1,0,4,8
1980 Summer Olympics,AUS,7,0,0,1,8
1980 Summer Olympics,AUT,0,0,4,0,4
1980 Summer Olympics,BEL,1,0,0,0,1
1980 Summer Olympics,BRA,2,0,2,0,4
1980 Summer Olympics,BUL,29,0,3,7,39
1980 Summer Olympics,CUB,18,0,1,1,20
1980 Summer Olympics,DEN,1,0,3,1,5
1980 Summer Olympics,ESP,5,0,1,0,6
1980 Summer Olympics,ETH,3,0,0,0,3
1980 Summer Olympics,FIN,4,0,2,1,7
1980 Summer Olympics,FRA,11,0,0,2,13
1980 Summer Olympics,GBR,14,0,0,4,18
1980 Summer Olympics,GDR,55,0,7,48,110
1980 Summer Olympics,GRE,2,0,1,0,3
1980 Summer Olympics,GUY,1,0,0,0,1
1980 Summer Olympics,HUN,25,0,2,3,30
1980 Summer Olympics,IND,1,0,0,0,1
1980 Summer Olympics,IRL,1,0,1,0,2
1980 Summer Olympics,ITA,10,0,4,1,15
1980 Summer Olympics,JAM,2,0,0,1,3
1980 Summer Olympics,LBN,1,0,0,0,1
1980 Summer Olympics,MEX,1,0,3,0,4
1980 Summer Olympics,MGL,4,0,0,0,4
1980 Summer Olympics,NED,2,0,0,1,3
1980 Summer Olympics,POL,25,0,2,5,32
1980 Summer Olympics,PRK,5,0,0,0,5
1980 Summer Olympics,ROU,12,0,2,6,20
1980 Summer Olympics,RUS,111,0,14,43,168
1980 Summer Olympics,SUI,2,0,0,0,2
1980 Summer Olympics,SWE,8,0,3,1,12
1980 Summer Olympics,TAN,2,0,0,0,2
1980 Summer Olympics,TCH,12,0,0,2,14
1980 Summer Olympics,UGA,1,0,0,0,1
1980 Summer Olympics,VEN,1,0,0,0,1
1980 Summer Olympics,YUG,7,0,0,2,9
1980 Summer Olympics,ZIM,0,0,0,1,1
1980 Winter Olympics,AUT,5,0,1,1,7
1980 Winter Olympics,BUL,1,0,0,0,1
1980 Winter Olympics,CAN,2,0,0,0,2
1980 Winter Olympics,FIN,5,0,0,2,7
1980 Winter Olympics,FRA,0,0,0,1,1
1980 Winter Olympics,FRG,2,0,0,3,5
1980 Winter Olympics,GBR,1,0,0,0,1
1980 Winter Olympics,GDR,11,1,1,7,20
1980 Winter Olympics,HUN,0,1,0,0,1
1980 Winter Olympics,ITA,1,0,1,0,2
1980 Winter Olympics,JPN,1,0,0,0,1
1980 Winter Olympics,LIE,1,0,0,1,2
1980 Winter Olympics,NED,2,0,0,2,4
1980 Winter Olympics,NOR,6,0,0,2,8
1980 Winter Olympics,RUS,10,4,0,5,19
1980 Winter Olympics,SUI,2,0,0,2,4
1980 Winter Olympics,SWE,3,0,0,0,3
1980 Winter Olympics,TCH,0,0,0,1,1
1980 Winter Olympics,USA,4,0,0,3,7
1984 Summer Olympics,ALG,2,0,0,0,2
1984 Summer Olympics,AUS,16,0,1,7,24
1984 Summer Olympics,AUT,3,0,0,0,3
1984 Summer Olympics,BEL,2,0,0,2,4
1984 Summer Olympics,BRA,7,0,1,0,8
1984 Summer Olympics,CAN,22,0,3,15,40
1984 Summer Olympics,CHN,16,0,0,9,25
1984 Summer Olympics,CIV,1,0,0,0,1
1984 Summer Olympics,CMR,1,0,0,0,1
1984 Summer Olympics,COL,1,0,0,0,1
1984 Summer Olympics,DEN,2,0,2,1,5
1984 Summer Olympics,DOM,1,0,0,0,1
1984 Summer Olympics,EGY,1,0,0,0,1
1984 Summer Olympics,ESP,4,0,1,0,5
1984 Summer Olympics,FIN,11,0,0,1,12
1984 Summer Olympics,FRA,24,0,1,3,28
1984 Summer Olympics,FRG,32,0,5,16,53
1984 Summer Olympics,GBR,22,0,4,8,34
1984 Summer Olympics,GRE,2,0,0,0,2
1984 Summer Olympics,IRL,1,0,0,0,1
1984 Summer Olympics,ISL,1,0,0,0,1
1984 Summer Olympics,ITA,23,0,3,4,30
1984 Summer Olympics,JAM,1,0,0,1,2
1984 Summer Olympics,JPN,24,0,0,3,27
1984 Summer Olympics,KEN,3,0,0,0,3
1984 Summer Olympics,KOR,15,0,0,4,19
1984 Summer Olympics,MAR,1,0,0,1,2
1984 Summer Olympics,MEX,5,0,0,0,5
1984 Summer Olympics,NED,2,0,0,9,11
1984 Summer Olympics,NGR,2,0,0,0,2
1984 Summer Olympics,NOR,2,0,0,1,3
1984 Summer Olympics,NZL,6,0,3,0,9
1984 Summer Olympics,PAK,1,0,0,0,1
1984 Summer Olympics,PER,0,0,1,0,1
1984 Summer Olympics,POR,2,0,0,1,3
1984 Summer Olympics,PUR,2,0,0,0,2
1984 Summer Olympics,ROU,24,0,0,21,45
1984 Summer Olympics,SUI,5,0,3,0,8
1984 Summer Olympics,SWE,14,0,1,1,16
1984 Summer Olympics,SYR,1,0,0,0,1
1984 Summer Olympics,THA,1,0,0,0,1
1984 Summer Olympics,TPE,1,0,0,0,1
1984 Summer Olympics,TUR,3,0,0,0,3
1984 Summer Olympics,USA,90,0,13,48,151
1984 Summer Olympics,VEN,3,0,0,0,3
1984 Summer Olympics,YUG,17,0,0,1,18
1984 Summer Olympics,ZAM,1,0,0,0,1
1984 Winter Olympics,AUT,1,0,0,0,1
1984 Winter Olympics,CAN,2,0,0,0,2
1984 Winter Olympics,FIN,7,0,0,2,9
1984 Winter Olympics,FRA,1,0,0,1,2
1984 Winter Olympics,FRG,2,0,1,0,3
1984 Winter Olympics,GBR,0,1,0,0,1
1984 Winter Olympics,GDR,8,0,1,8,17
1984 Winter Olympics,ITA,1,0,0,1,2
1984 Winter Olympics,JPN,1,0,0,0,1
1984 Winter Olympics,LIE,1,0,0,1,2
1984 Winter Olympics,NOR,3,0,0,3,6
1984 Winter Olympics,RUS,12,4,1,4,21
1984 Winter Olympics,SUI,3,0,0,2,5
1984 Winter Olympics,SWE,5,0,0,0,5
1984 Winter Olympics,TCH,3,0,0,2,5
1984 Winter Olympics,USA,4,1,0,3,8
1984 Winter Olympics,YUG,1,0,0,0,1
1988 Summer Olympics,AHO,0,0,1,0,1
1988 Summer Olympics,ARG,1,0,0,1,2
1988 Summer Olympics,AUS,8,0,0,5,13
1988 Summer Olympics,AUT,1,0,0,0,1
1988 Summer Olympics,BEL,1,0,1,0,2
1988 Summer Olympics,BRA,4,0,2,0,6
1988 Summer Olympics,BUL,19,0,0,14,33
1988 Summer Olympics,CAN,5,0,2,3,10
1988 Summer Olympics,CHI,0,0,1,0,1
1988 Summer Olympics,CHN,12,0,0,14,26
1988 Summer Olympics,COL,1,0,0,0,1
1988 Summer Olympics,CRC,0,0,0,1,1
1988 Summer Olympics,DEN,2,0,2,0,4
1988 Summer Olympics,DJI,1,0,0,0,1
1988 Summer Olympics,ESP,2,0,2,0,4
1988 Summer Olympics,FIN,4,0,0,0,4
1988 Summer Olympics,FRA,11,0,3,1,15
1988 Summer Olympics,FRG,24,0,5,8,37
1988 Summer Olympics,GBR,17,0,4,3,24
1988 Summer Olympics,GDR,44,0,2,38,84
1988 Summer Olympics,GRE,1,0,0,0,1
1988 Summer Olympics,HUN,17,0,0,3,20
1988 Summer Olympics,INA,0,0,0,1,1
1988 Summer Olympics,IRI,1,0,0,0,1
1988 Summer Olympics,ISV,0,0,1,0,1
1988 Summer Olympics,ITA,13,0,0,1,14
1988 Summer Olympics,JAM,1,0,0,1,2
1988 Summer Olympics,JPN,11,0,0,3,14
1988 Summer Olympics,KEN,9,0,0,0,9
1988 Summer Olympics,KOR,26,0,0,6,32
1988 Summer Olympics,MAR,3,0,0,0,3
1988 Summer Olympics,MEX,2,0,0,0,2
1988 Summer Olympics,MGL,1,0,0,0,1
1988 Summer Olympics,NED,5,0,0,4,9
1988 Summer Olympics,NOR,3,0,1,1,5
1988 Summer Olympics,NZL,6,0,4,1,11
1988 Summer Olympics,PAK,1,0,0,0,1
1988 Summer Olympics,PER,0,0,0,1,1
1988 Summer Olympics,PHI,1,0,0,0,1
1988 Summer Olympics,POL,15,0,0,1,16
1988 Summer Olympics,POR,0,0,0,1,1
1988 Summer Olympics,ROU,7,0,0,10,17
1988 Summer Olympics,RUS,84,0,1,29,114
1988 Summer Olympics,SEN,1,0,0,0,1
1988 Summer Olympics,SUI,2,0,2,0,4
1988 Summer Olympics,SUR,1,0,0,0,1
1988 Summer Olympics,SWE,10,0,0,1,11
1988 Summer Olympics,TCH,6,0,1,1,8
1988 Summer Olympics,THA,1,0,0,0,1
1988 Summer Olympics,TUR,2,0,0,0,2
1988 Summer Olympics,USA,51,0,5,24,80
1988 Summer Olympics,YUG,8,0,0,3,11
1988 Winter Olympics,AUT,6,0,0,2,8
1988 Winter Olympics,CAN,1,1,0,2,4
1988 Winter Olympics,FIN,2,0,0,2,4
1988 Winter Olympics,FRA,1,0,0,0,1
1988 Winter Olympics,FRG,4,0,1,2,7
1988 Winter Olympics,GDR,6,0,2,8,16
1988 Winter Olympics,ITA,4,0,0,0,4
1988 Winter Olympics,JPN,1,0,0,0,1
1988 Winter Olympics,LIE,1,0,0,0,1
1988 Winter Olympics,NED,3,0,0,1,4
1988 Winter Olympics,NOR,4,0,0,1,5
1988 Winter Olympics,RUS,14,4,0,5,23
1988 Winter Olympics,SUI,6,0,0,4,10
1988 Winter Olympics,SWE,4,0,0,0,4
1988 Winter Olympics,TCH,3,0,0,0,3
1988 Winter Olympics,USA,2,1,0,2,5
1988 Winter Olympics,YUG,1,0,0,1,2
1992 Summer Olympics,ALG,1,0,0,1,2
1992 Summer Olympics,ARG,1,0,0,0,1
1992 Summer Olympics,AUS,13,0,3,8,24
1992 Summer Olympics,AUT,1,0,1,0,2
1992 Summer Olympics,BAH,1,0,0,0,1
1992 Summer Olympics,BEL,1,0,0,2,3
1992 Summer Olympics,BRA,3,0,0,0,3
1992 Summer Olympics,BUL,10,0,0,5,15
1992 Summer Olympics,CAN,10,0,1,7,18
1992 Summer Olympics,CHN,15,0,1,28,44
1992 Summer Olympics,COL,0,0,0,1,1
1992 Summer Olympics,CRO,2,0,0,0,2
1992 Summer Olympics,CUB,23,0,0,8,31
1992 Summer Olympics,DEN,4,0,2,0,6
1992 Summer Olympics,ESP,13,0,1,8,22
1992 Summer Olympics,EST,1,0,0,1,2
1992 Summer Olympics,ETH,2,0,0,1,3
1992 Summer Olympics,EUN,64,0,0,30,94
1992 Summer Olympics,FIN,5,0,0,0,5
1992 Summer Olympics,FRA,20,0,2,7,29
1992 Summer Olympics,GBR,12,0,1,6,19
1992 Summer Olympics,GER,42,0,6,27,75
1992 Summer Olympics,GHA,1,0,0,0,1
1992 Summer Olympics,GRE,1,0,0,1,2
1992 Summer Olympics,HUN,18,0,0,5,23
1992 Summer Olympics,INA,4,0,0,1,5
1992 Summer Olympics,IOA,1,0,0,2,3
1992 Summer Olympics,IRI,3,0,0,0,3
1992 Summer Olympics,IRL,2,0,0,0,2
1992 Summer Olympics,ISR,1,0,0,1,2
1992 Summer Olympics,ITA,14,0,2,3,19
1992 Summer Olympics,JAM,1,0,0,2,3
1992 Summer Olympics,JPN,11,0,1,9,21
1992 Summer Olympics,KEN,8,0,0,0,8
1992 Summer Olympics,KOR,17,0,0,11,28
1992 Summer Olympics,LAT,3,0,0,0,3
1992 Summer Olympics,LTU,2,0,0,0,2
1992 Summer Olympics,MAR,3,0,0,0,3
1992 Summer Olympics,MAS,1,0,0,0,1
1992 Summer Olympics,MEX,1,0,0,0,1
1992 Summer Olympics,MGL,1,0,0,1,2
1992 Summer Olympics,NAM,1,0,0,0,1
1992 Summer Olympics,NED,7,0,3,5,15
1992 Summer Olympics,NGR,3,0,0,1,4
1992 Summer Olympics,NOR,4,0,0,2,6
1992 Summer Olympics,NZL,4,0,3,3,10
1992 Summer Olympics,PAK,1,0,0,0,1
1992 Summer Olympics,PER,0,0,1,0,1
1992 Summer Olympics,PHI,1,0,0,0,1
1992 Summer Olympics,POL,16,0,0,2,18
1992 Summer Olympics,PRK,7,0,0,1,8
1992 Summer Olympics,PUR,1,0,0,0,1
1992 Summer Olympics,QAT,1,0,0,0,1
1992 Summer Olympics,ROU,7,0,0,8,15
1992 Summer Olympics,RSA,1,0,0,1,2
1992 Summer Olympics,SLO,2,0,0,0,2
1992 Summer Olympics,SUI,1,0,0,0,1
1992 Summer Olympics,SUR,1,0,0,0,1
1992 Summer Olympics,SWE,9,0,0,2,11
1992 Summer Olympics,TCH,6,0,1,0,7
1992 Summer Olympics,THA,1,0,0,0,1
1992 Summer Olympics,TPE,1,0,0,0,1
1992 Summer Olympics,TUR,5,0,0,1,6
1992 Summer Olympics,USA,55,0,6,33,94
1992 Winter Olympics,AUT,11,0,0,6,17
1992 Winter Olympics,CAN,2,1,0,3,6
1992 Winter Olympics,CHN,0,0,0,2,2
1992 Winter Olympics,ESP,0,0,0,1,1
1992 Winter Olympics,EUN,4,4,0,9,17
1992 Winter Olympics,FIN,3,0,0,1,4
1992 Winter Olympics,FRA,5,1,0,3,9
1992 Winter Olympics,GER,8,0,2,10,20
1992 Winter Olympics,ITA,6,0,1,3,10
1992 Winter Olympics,JPN,5,0,0,2,7
1992 Winter Olympics,KOR,4,0,0,0,4
1992 Winter Olympics,LUX,1,0,0,0,1
1992 Winter Olympics,NED,3,0,0,0,3
1992 Winter Olympics,NOR,10,0,0,2,12
1992 Winter Olympics,NZL,0,0,0,1,1
1992 Winter Olympics,PRK,0,0,0,1,1
1992 Winter Olympics,SUI,3,0,0,0,3
1992 Winter Olympics,SWE,3,0,0,1,4
1992 Winter Olympics,TCH,3,0,0,0,3
1992 Winter Olympics,USA,2,0,0,8,10
1994 Winter Olympics,AUS,1,0,0,0,1
1994 Winter Olympics,AUT,4,0,0,3,7
1994 Winter Olympics,BLR,1,0,0,1,2
1994 Winter Olympics,CAN,7,1,0,3,11
1994 Winter Olympics,CHN,0,0,0,3,3
1994 Winter Olympics,FIN,3,0,0,1,4
1994 Winter Olympics,FRA,3,0,0,2,5
1994 Winter Olympics,GBR,1,1,0,0,2
1994 Winter Olympics,GER,10,0,1,9,20
1994 Winter Olympics,ITA,7,0,2,6,15
1994 Winter Olympics,JPN,3,0,0,1,4
1994 Winter Olympics,KAZ,1,0,0,0,1
1994 Winter Olympics,KOR,2,0,0,3,5
1994 Winter Olympics,NED,3,0,0,0,3
1994 Winter Olympics,NOR,13,0,0,4,17
1994 Winter Olympics,RUS,7,4,0,8,19
1994 Winter Olympics,SLO,1,0,0,2,3
1994 Winter Olympics,SUI,6,0,0,1,7
1994 Winter Olympics,SWE,1,0,0,2,3
1994 Winter Olympics,UKR,0,0,0,2,2
1994 Winter Olympics,USA,3,0,0,8,11
1994 Winter Olympics,UZB,0,0,0,1,1
1996 Summer Olympics,ALG,3,0,0,0,3
1996 Summer Olympics,ARG,3,0,0,0,3
1996 Summer Olympics,ARM,2,0,0,0,2
1996 Summer Olympics,AUS,19,0,3,17,39
1996 Summer Olympics,AUT,1,0,0,1,2
1996 Summer Olympics,AZE,1,0,0,0,1
1996 Summer Olympics,BAH,0,0,0,1,1
1996 Summer Olympics,BDI,1,0,0,0,1
1996 Summer Olympics,BEL,3,0,0,3,6
1996 Summer Olympics,BLR,8,0,0,4,12
1996 Summer Olympics,BRA,6,0,4,4,14
1996 Summer Olympics,BUL,11,0,0,4,15
1996 Summer Olympics,CAN,10,0,0,10,20
1996 Summer Olympics,CHN,19,1,0,23,43
1996 Summer Olympics,CRC,0,0,0,1,1
1996 Summer Olympics,CRO,2,0,0,0,2
1996 Summer Olympics,CUB,18,0,0,7,25
1996 Summer Olympics,CZE,6,0,0,4,10
1996 Summer Olympics,DEN,3,0,0,3,6
1996 Summer Olympics,ECU,1,0,0,0,1
1996 Summer Olympics,ESP,10,0,1,5,16
1996 Summer Olympics,ETH,1,0,0,2,3
1996 Summer Olympics,FIN,3,0,0,1,4
1996 Summer Olympics,FRA,19,0,1,13,33
1996 Summer Olympics,GBR,12,0,1,1,14
1996 Summer Olympics,GEO,2,0,0,0,2
1996 Summer Olympics,GER,37,0,5,18,60
1996 Summer Olympics,GRE,7,0,0,1,8
1996 Summer Olympics,HKG,0,0,0,1,1
1996 Summer Olympics,HUN,15,0,0,5,20
1996 Summer Olympics,INA,2,0,0,2,4
1996 Summer Olympics,IND,1,0,0,0,1
1996 Summer Olympics,IRI,3,0,0,0,3
1996 Summer Olympics,IRL,0,0,0,1,1
1996 Summer Olympics,ISR,1,0,0,0,1
1996 Summer Olympics,ITA,19,0,0,12,31
1996 Summer Olympics,JAM,2,0,0,2,4
1996 Summer Olympics,JPN,7,0,0,7,14
1996 Summer Olympics,KAZ,10,0,0,0,10
1996 Summer Olympics,KEN,7,0,0,1,8
1996 Summer Olympics,KOR,14,2,0,11,27
1996 Summer Olympics,LAT,1,0,0,0,1
1996 Summer Olympics,LTU,1,0,0,0,1
1996 Summer Olympics,MAR,2,0,0,0,2
1996 Summer Olympics,MAS,2,0,0,0,2
1996 Summer Olympics,MDA,2,0,0,0,2
1996 Summer Olympics,MEX,1,0,0,0,1
1996 Summer Olympics,MGL,1,0,0,0,1
1996 Summer Olympics,MOZ,0,0,0,1,1
1996 Summer Olympics,NAM,1,0,0,0,1
1996 Summer Olympics,NED,7,0,2,7,16
1996 Summer Olympics,NGR,2,0,0,3,5
1996 Summer Olympics,NOR,3,0,1,2,6
1996 Summer Olympics,NZL,1,0,3,1,5
1996 Summer Olympics,PHI,1,0,0,0,1
1996 Summer Olympics,POL,13,0,0,3,16
1996 Summer Olympics,POR,1,0,0,1,2
1996 Summer Olympics,PRK,4,0,0,1,5
1996 Summer Olympics,PUR,1,0,0,0,1
1996 Summer Olympics,ROU,7,0,0,8,15
1996 Summer Olympics,RSA,2,0,0,2,4
1996 Summer Olympics,RUS,35,0,1,16,52
1996 Summer Olympics,SCG,2,0,0,1,3
1996 Summer Olympics,SLO,1,0,0,1,2
1996 Summer Olympics,SUI,5,0,1,1,7
1996 Summer Olympics,SVK,3,0,0,0,3
1996 Summer Olympics,SWE,4,0,1,3,8
1996 Summer Olympics,SYR,0,0,0,1,1
1996 Summer Olympics,TGA,1,0,0,0,1
1996 Summer Olympics,THA,2,0,0,0,2
1996 Summer Olympics,TPE,0,0,0,1,1
1996 Summer Olympics,TTO,1,0,0,0,1
1996 Summer Olympics,TUN,1,0,0,0,1
1996 Summer Olympics,TUR,6,0,0,0,6
1996 Summer Olympics,UGA,1,0,0,0,1
1996 Summer Olympics,UKR,13,0,0,8,21
1996 Summer Olympics,USA,55,0,5,32,92
1996 Summer Olympics,UZB,2,0,0,0,2
1996 Summer Olympics,ZAM,1,0,0,0,1
1998 Winter Olympics,AUS,0,0,0,1,1
1998 Winter Olympics,AUT,11,0,0,4,15
1998 Winter Olympics,BEL,1,0,0,0,1
1998 Winter Olympics,BLR,2,0,0,0,2
1998 Winter Olympics,BUL,0,0,0,1,1
1998 Winter Olympics,CAN,8,0,0,6,14
1998 Winter Olympics,CHN,2,0,0,4,6
1998 Winter Olympics,CZE,1,0,0,1,2
1998 Winter Olympics,DEN,0,0,0,1,1
1998 Winter Olympics,FIN,8,0,0,1,9
1998 Winter Olympics,FRA,5,1,0,2,8
1998 Winter Olympics,GBR,1,0,0,0,1
1998 Winter Olympics,GER,5,1,1,14,21
1998 Winter Olympics,ITA,6,0,0,3,9
1998 Winter Olympics,JPN,6,0,0,2,8
1998 Winter Olympics,KAZ,1,0,0,1,2
1998 Winter Olympics,KOR,2,0,0,2,4
1998 Winter Olympics,NED,5,0,0,1,6
1998 Winter Olympics,NOR,14,0,0,6,20
1998 Winter Olympics,RUS,4,4,0,5,13
1998 Winter Olympics,SUI,6,0,0,1,7
1998 Winter Olympics,SWE,1,0,0,2,3
1998 Winter Olympics,UKR,0,0,0,1,1
1998 Winter Olympics,USA,3,0,2,7,12
2000 Summer Olympics,ALG,4,0,0,1,5
2000 Summer Olympics,ARG,2,0,0,2,4
2000 Summer Olympics,ARM,1,0,0,0,1
2000 Summer Olympics,AUS,28,0,4,20,52
2000 Summer Olympics,AUT,1,0,1,1,3
2000 Summer Olympics,AZE,2,0,0,1,3
2000 Summer Olympics,BAH,1,0,0,2,3
2000 Summer Olympics,BAR,1,0,0,0,1
2000 Summer Olympics,BEL,2,0,0,3,5
2000 Summer Olympics,BLR,8,0,0,8,16
2000 Summer Olympics,BRA,5,0,3,4,12
2000 Summer Olympics,BUL,8,0,0,3,11
2000 Summer Olympics,CAN,7,0,0,7,14
2000 Summer Olympics,CHI,1,0,0,0,1
2000 Summer Olympics,CHN,20,1,0,30,51
2000 Summer Olympics,CMR,1,0,0,0,1
2000 Summer Olympics,COL,0,0,0,1,1
2000 Summer Olympics,CRC,0,0,0,1,1
2000 Summer Olympics,CRO,2,0,0,0,2
2000 Summer Olympics,CUB,22,0,0,7,29
2000 Summer Olympics,CZE,7,0,0,1,8
2000 Summer Olympics,DEN,3,0,1,2,6
2000 Summer Olympics,ESP,7,0,0,4,11
2000 Summer Olympics,EST,3,0,0,0,3
2000 Summer Olympics,ETH,5,0,0,2,7
2000 Summer Olympics,FIN,3,0,1,0,4
2000 Summer Olympics,FRA,25,0,0,11,36
2000 Summer Olympics,GBR,14,1,4,9,28
2000 Summer Olympics,GEO,6,0,0,0,6
2000 Summer Olympics,GER,29,0,6,18,53
2000 Summer Olympics,GRE,8,0,0,5,13
2000 Summer Olympics,HUN,10,0,0,7,17
2000 Summer Olympics,INA,2,1,0,3,6
2000 Summer Olympics,IND,0,0,0,1,1
2000 Summer Olympics,IRI,4,0,0,0,4
2000 Summer Olympics,IRL,0,0,0,1,1
2000 Summer Olympics,ISL,0,0,0,1,1
2000 Summer Olympics,ISR,1,0,0,0,1
2000 Summer Olympics,ITA,20,0,0,11,31
2000 Summer Olympics,JAM,2,0,0,7,9
2000 Summer Olympics,JPN,5,0,0,13,18
2000 Summer Olympics,KAZ,6,0,0,1,7
2000 Summer Olympics,KEN,6,0,0,1,7
2000 Summer Olympics,KGZ,1,0,0,0,1
2000 Summer Olympics,KOR,16,0,0,10,26
2000 Summer Olympics,KSA,1,0,1,0,2
2000 Summer Olympics,KUW,1,0,0,0,1
2000 Summer Olympics,LAT,3,0,0,0,3
2000 Summer Olympics,LTU,2,0,0,3,5
2000 Summer Olympics,MAR,4,0,0,1,5
2000 Summer Olympics,MDA,2,0,0,0,2
2000 Summer Olympics,MEX,5,0,0,1,6
2000 Summer Olympics,MKD,1,0,0,0,1
2000 Summer Olympics,MOZ,0,0,0,1,1
2000 Summer Olympics,NED,6,0,4,7,17
2000 Summer Olympics,NGR,1,0,0,2,3
2000 Summer Olympics,NOR,3,0,1,5,9
2000 Summer Olympics,NZL,2,0,1,1,4
2000 Summer Olympics,POL,8,0,0,5,13
2000 Summer Olympics,POR,1,0,0,1,2
2000 Summer Olympics,PRK,2,0,0,2,4
2000 Summer Olympics,QAT,1,0,0,0,1
2000 Summer Olympics,ROU,7,0,0,15,22
2000 Summer Olympics,RSA,3,0,0,2,5
2000 Summer Olympics,RUS,47,0,0,32,79
2000 Summer Olympics,SCG,2,0,0,1,3
2000 Summer Olympics,SLO,2,0,0,0,2
2000 Summer Olympics,SRI,0,0,0,1,1
2000 Summer Olympics,SUI,3,0,1,5,9
2000 Summer Olympics,SVK,3,0,0,1,4
2000 Summer Olympics,SWE,7,0,0,4,11
2000 Summer Olympics,THA,2,0,0,1,3
2000 Summer Olympics,TPE,1,0,0,4,5
2000 Summer Olympics,TTO,1,0,0,0,1
2000 Summer Olympics,TUR,4,0,0,1,5
2000 Summer Olympics,UKR,14,0,0,7,21
2000 Summer Olympics,URU,1,0,0,0,1
2000 Summer Olympics,USA,43,0,5,34,82
2000 Summer Olympics,UZB,4,0,0,0,4
2000 Summer Olympics,VIE,0,0,0,1,1
2002 Winter Olympics,AUS,1,0,0,1,2
2002 Winter Olympics,AUT,11,0,0,1,12
2002 Winter Olympics,BLR,1,0,0,0,1
2002 Winter Olympics,BUL,0,0,0,2,2
2002 Winter Olympics,CAN,6,1,0,9,16
2002 Winter Olympics,CHN,1,1,0,4,6
2002 Winter Olympics,CRO,0,0,0,1,1
2002 Winter Olympics,CZE,1,0,0,1,2
2002 Winter Olympics,EST,2,0,0,0,2
2002 Winter Olympics,FIN,5,0,0,0,5
2002 Winter Olympics,FRA,5,1,0,5,11
2002 Winter Olympics,GBR,0,0,0,2,2
2002 Winter Olympics,GER,14,0,1,16,31
2002 Winter Olympics,ITA,4,1,0,6,11
2002 Winter Olympics,JPN,1,0,0,1,2
2002 Winter Olympics,KOR,0,0,0,3,3
2002 Winter Olympics,NED,4,0,0,2,6
2002 Winter Olympics,NOR,11,0,0,6,17
2002 Winter Olympics,POL,1,0,0,0,1
2002 Winter Olympics,RUS,5,2,0,4,11
2002 Winter Olympics,SLO,1,0,0,0,1
2002 Winter Olympics,SUI,6,0,0,4,10
2002 Winter Olympics,SWE,2,0,0,3,5
2002 Winter Olympics,USA,18,0,2,10,30
2004 Summer Olympics,ARG,2,0,1,3,6
2004 Summer Olympics,AUS,20,0,0,19,39
2004 Summer Olympics,AUT,2,0,2,2,6
2004 Summer Olympics,AZE,3,0,0,2,5
2004 Summer Olympics,BAH,0,0,0,2,2
2004 Summer Olympics,BEL,1,0,0,2,3
2004 Summer Olympics,BLR,7,0,0,6,13
2004 Summer Olympics,BRA,6,0,2,2,10
2004 Summer Olympics,BUL,7,0,0,3,10
2004 Summer Olympics,CAN,5,0,0,6,11
2004 Summer Olympics,CHI,2,0,0,0,2
2004 Summer Olympics,CHN,23,1,0,37,61
2004 Summer Olympics,CMR,0,0,0,1,1
2004 Summer Olympics,COL,0,0,0,2,2
2004 Summer Olympics,CRO,5,0,0,0,5
2004 Summer Olympics,CUB,16,0,0,11,27
2004 Summer Olympics,CZE,5,0,0,4,9
2004 Summer Olympics,DEN,4,1,0,3,8
2004 Summer Olympics,DOM,1,0,0,0,1
2004 Summer Olympics,EGY,5,0,0,0,5
2004 Summer Olympics,ERI,1,0,0,0,1
2004 Summer Olympics,ESP,12,0,2,4,18
2004 Summer Olympics,EST,3,0,0,0,3
2004 Summer Olympics,ETH,2,0,0,4,6
2004 Summer Olympics,FIN,2,0,0,0,2
2004 Summer Olympics,FRA,15,0,1,13,29
2004 Summer Olympics,GBR,14,1,3,9,27
2004 Summer Olympics,GEO,4,0,0,0,4
2004 Summer Olympics,GER,23,0,3,19,45
2004 Summer Olympics,GRE,8,0,0,8,16
2004 Summer Olympics,HKG,1,0,0,0,1
2004 Summer Olympics,HUN,10,0,0,6,16
2004 Summer Olympics,INA,3,0,0,1,4
2004 Summer Olympics,IND,1,0,0,0,1
2004 Summer Olympics,IRI,6,0,0,0,6
2004 Summer Olympics,ISR,2,0,0,0,2
2004 Summer Olympics,ITA,21,0,0,9,30
2004 Summer Olympics,JAM,1,0,0,3,4
2004 Summer Olympics,JPN,18,0,0,17,35
2004 Summer Olympics,KAZ,8,0,0,0,8
2004 Summer Olympics,KEN,5,0,0,2,7
2004 Summer Olympics,KOR,18,0,0,11,29
2004 Summer Olympics,LAT,3,0,0,1,4
2004 Summer Olympics,LTU,2,0,0,1,3
2004 Summer Olympics,MAR,1,0,0,1,2
2004 Summer Olympics,MEX,1,0,0,3,4
2004 Summer Olympics,MGL,1,0,0,0,1
2004 Summer Olympics,NED,8,0,1,9,18
2004 Summer Olympics,NGR,2,0,0,0,2
2004 Summer Olympics,NOR,3,0,0,2,5
2004 Summer Olympics,NZL,3,0,0,2,5
2004 Summer Olympics,PAR,1,0,0,0,1
2004 Summer Olympics,POL,3,0,0,5,8
2004 Summer Olympics,POR,3,0,0,0,3
2004 Summer Olympics,PRK,2,0,0,3,5
2004 Summer Olympics,ROU,6,0,0,10,16
2004 Summer Olympics,RSA,3,0,0,1,4
2004 Summer Olympics,RUS,50,0,0,34,84
2004 Summer Olympics,SCG,1,0,0,1,2
2004 Summer Olympics,SLO,1,0,1,2,4
2004 Summer Olympics,SUI,4,0,0,1,5
2004 Summer Olympics,SVK,5,0,0,1,6
2004 Summer Olympics,SWE,4,0,1,2,7
2004 Summer Olympics,SYR,1,0,0,0,1
2004 Summer Olympics,THA,3,0,0,5,8
2004 Summer Olympics,TPE,3,0,0,2,5
2004 Summer Olympics,TTO,1,0,0,0,1
2004 Summer Olympics,TUR,9,0,0,1,10
2004 Summer Olympics,UAE,1,0,0,0,1
2004 Summer Olympics,UKR,9,0,1,11,21
2004 Summer Olympics,USA,44,0,5,34,83
2004 Summer Olympics,UZB,5,0,0,0,5
2004 Summer Olympics,VEN,1,0,0,1,2
2004 Summer Olympics,ZIM,0,0,0,1,1
2006 Winter Olympics,AUS,1,0,0,1,2
2006 Winter Olympics,AUT,11,0,1,4,16
2006 Winter Olympics,BLR,1,0,0,0,1
2006 Winter Olympics,BUL,0,0,0,1,1
2006 Winter Olympics,CAN,8,0,0,12,20
2006 Winter Olympics,CHN,2,2,0,5,9
2006 Winter Olympics,CRO,1,0,0,1,2
2006 Winter Olympics,CZE,2,0,0,1,3
2006 Winter Olympics,EST,1,0,0,1,2
2006 Winter Olympics,FIN,7,0,0,2,9
2006 Winter Olympics,FRA,6,0,0,3,9
2006 Winter Olympics,GBR,0,0,0,1,1
2006 Winter Olympics,GER,8,0,1,14,23
2006 Winter Olympics,ITA,6,0,1,3,10
2006 Winter Olympics,JPN,0,0,0,1,1
2006 Winter Olympics,KOR,3,0,0,3,6
2006 Winter Olympics,LAT,1,0,0,0,1
2006 Winter Olympics,NED,4,0,0,3,7
2006 Winter Olympics,NOR,10,0,0,4,14
2006 Winter Olympics,POL,1,0,0,1,2
2006 Winter Olympics,RUS,8,2,0,8,18
2006 Winter Olympics,SUI,8,0,0,6,14
2006 Winter Olympics,SVK,1,0,0,0,1
2006 Winter Olympics,SWE,4,0,0,6,10
2006 Winter Olympics,UKR,0,1,0,1,2
2006 Winter Olympics,USA,11,1,0,8,20
2008 Summer Olympics,AFG,1,0,0,0,1
2008 Summer Olympics,ALG,1,0,0,1,2
2008 Summer Olympics,ARG,3,0,1,2,6
2008 Summer Olympics,ARM,5,0,0,0,5
2008 Summer Olympics,AUS,19,0,2,17,38
2008 Summer Olympics,AUT,1,0,0,2,3
2008 Summer Olympics,AZE,5,0,0,1,6
2008 Summer Olympics,BAH,2,0,0,0,2
2008 Summer Olympics,BEL,0,0,0,2,2
2008 Summer Olympics,BLR,8,0,0,5,13
2008 Summer Olympics,BRA,9,0,0,7,16
2008 Summer Olympics,BUL,3,0,0,2,5
2008 Summer Olympics,CAN,10,0,2,8,20
2008 Summer Olympics,CHI,1,0,0,0,1
2008 Summer Olympics,CHN,39,1,0,49,89
2008 Summer Olympics,CMR,0,0,0,1,1
2008 Summer Olympics,COL,1,0,0,2,3
2008 Summer Olympics,CRO,1,0,0,4,5
2008 Summer Olympics,CUB,20,0,0,10,30
2008 Summer Olympics,CZE,4,0,0,2,6
2008 Summer Olympics,DEN,4,0,2,1,7
2008 Summer Olympics,DOM,2,0,0,0,2
2008 Summer Olympics,ECU,1,0,0,0,1
2008 Summer Olympics,EGY,1,0,0,1,2
2008 Summer Olympics,ESP,11,0,2,5,18
2008 Summer Olympics,EST,2,0,0,0,2
2008 Summer Olympics,ETH,3,0,0,2,5
2008 Summer Olympics,FIN,2,0,0,2,4
2008 Summer Olympics,FRA,30,0,1,8,39
2008 Summer Olympics,GBR,24,0,3,19,46
2008 Summer Olympics,GEO,6,0,0,1,7
2008 Summer Olympics,GER,19,0,5,13,37
2008 Summer Olympics,GRE,2,0,0,1,3
2008 Summer Olympics,HUN,5,0,0,3,8
2008 Summer Olympics,INA,3,1,0,2,6
2008 Summer Olympics,IND,3,0,0,0,3
2008 Summer Olympics,IRI,2,0,0,0,2
2008 Summer Olympics,IRL,3,0,0,0,3
2008 Summer Olympics,ISL,1,0,0,0,1
2008 Summer Olympics,ISR,1,0,0,0,1
2008 Summer Olympics,ITA,16,0,0,11,27
2008 Summer Olympics,JAM,1,0,0,7,8
2008 Summer Olympics,JPN,11,0,0,12,23
2008 Summer Olympics,KAZ,6,0,0,3,9
2008 Summer Olympics,KEN,9,0,0,7,16
2008 Summer Olympics,KGZ,3,0,0,0,3
2008 Summer Olympics,KOR,16,1,0,12,29
2008 Summer Olympics,LAT,3,0,0,0,3
2008 Summer Olympics,LTU,4,0,0,1,5
2008 Summer Olympics,MAR,1,0,0,1,2
2008 Summer Olympics,MAS,1,0,0,0,1
2008 Summer Olympics,MDA,1,0,0,0,1
2008 Summer Olympics,MEX,1,0,0,3,4
2008 Summer Olympics,MGL,3,0,0,1,4
2008 Summer Olympics,MRI,1,0,0,0,1
2008 Summer Olympics,NED,3,0,2,11,16
2008 Summer Olympics,NGR,2,0,0,3,5
2008 Summer Olympics,NOR,5,0,0,4,9
2008 Summer Olympics,NZL,7,0,0,2,9
2008 Summer Olympics,PAN,1,0,0,0,1
2008 Summer Olympics,POL,8,0,0,3,11
2008 Summer Olympics,POR,1,0,0,1,2
2008 Summer Olympics,PRK,1,0,0,5,6
2008 Summer Olympics,ROU,2,0,0,7,9
2008 Summer Olympics,RSA,1,0,0,0,1
2008 Summer Olympics,RUS,35,0,0,23,58
2008 Summer Olympics,SAM,0,0,0,1,1
2008 Summer Olympics,SGP,0,0,0,1,1
2008 Summer Olympics,SLO,3,0,0,2,5
2008 Summer Olympics,SRB,3,0,0,0,3
2008 Summer Olympics,SUD,1,0,0,0,1
2008 Summer Olympics,SUI,4,0,1,1,6
2008 Summer Olympics,SVK,4,0,0,2,6
2008 Summer Olympics,SWE,3,0,1,1,5
2008 Summer Olympics,THA,2,0,0,4,6
2008 Summer Olympics,TJK,2,0,0,0,2
2008 Summer Olympics,TOG,1,0,0,0,1
2008 Summer Olympics,TPE,2,0,0,2,4
2008 Summer Olympics,TTO,2,0,0,0,2
2008 Summer Olympics,TUN,1,0,0,0,1
2008 Summer Olympics,TUR,4,0,0,1,5
2008 Summer Olympics,UKR,13,0,0,9,22
2008 Summer Olympics,USA,43,0,4,42,89
2008 Summer Olympics,UZB,3,0,0,1,4
2008 Summer Olympics,VEN,0,0,0,1,1
2008 Summer Olympics,VIE,1,0,0,0,1
2008 Summer Olympics,ZIM,0,0,0,1,1
2010 Winter Olympics,AUS,1,0,0,2,3
2010 Winter Olympics,AUT,7,0,1,5,13
2010 Winter Olympics,BLR,2,0,0,1,3
2010 Winter Olympics,CAN,11,1,0,13,25
2010 Winter Olympics,CHN,1,2,0,7,10
2010 Winter Olympics,CRO,2,0,0,0,2
2010 Winter Olympics,CZE,2,0,0,2,4
2010 Winter Olympics,EST,0,0,0,1,1
2010 Winter Olympics,FIN,2,0,0,2,4
2010 Winter Olympics,FRA,5,0,0,5,10
2010 Winter Olympics,GBR,0,0,0,1,1
2010 Winter Olympics,GER,9,1,1,12,23
2010 Winter Olympics,ITA,4,0,0,1,5
2010 Winter Olympics,JPN,3,0,0,2,5
2010 Winter Olympics,KAZ,0,0,0,1,1
2010 Winter Olympics,KOR,5,0,0,4,9
2010 Winter Olympics,LAT,1,0,1,0,2
2010 Winter Olympics,NED,4,0,0,4,8
2010 Winter Olympics,NOR,11,0,0,3,14
2010 Winter Olympics,POL,1,0,0,2,3
2010 Winter Olympics,RUS,9,1,0,4,14
2010 Winter Olympics,SLO,0,0,0,2,2
2010 Winter Olympics,SUI,7,0,0,1,8
2010 Winter Olympics,SVK,1,0,0,1,2
2010 Winter Olympics,SWE,4,0,0,4,8
2010 Winter Olympics,USA,18,1,0,10,29
2012 Summer Olympics,AFG,1,0,0,0,1
2012 Summer Olympics,ALG,1,0,0,0,1
2012 Summer Olympics,ARG,3,0,0,1,4
2012 Summer Olympics,ARM,2,0,0,0,2
2012 Summer Olympics,AUS,15,0,0,17,32
2012 Summer Olympics,AZE,7,0,0,2,9
2012 Summer Olympics,BAH,1,0,0,0,1
2012 Summer Olympics,BEL,1,0,0,2,3
2012 Summer Olympics,BLR,3,1,0,5,9
2012 Summer Olympics,BOT,1,0,0,0,1
2012 Summer Olympics,BRA,11,0,0,6,17
2012 Summer Olympics,BRN,0,0,0,1,1
2012 Summer Olympics,BUL,1,0,0,2,3
2012 Summer Olympics,CAN,9,0,0,9,18
2012 Summer Olympics,CHN,32,2,0,50,84
2012 Summer Olympics,CMR,0,0,0,1,1
2012 Summer Olympics,COL,4,0,0,5,9
2012 Summer Olympics,CRO,4,0,0,2,6
2012 Summer Olympics,CUB,11,0,0,4,15
2012 Summer Olympics,CYP,1,0,0,0,1
2012 Summer Olympics,CZE,6,0,0,5,11
2012 Summer Olympics,DEN,7,1,0,1,9
2012 Summer Olympics,DOM,2,0,0,0,2
2012 Summer Olympics,EGY,3,0,0,1,4
2012 Summer Olympics,ESP,7,0,0,12,19
2012 Summer Olympics,EST,2,0,0,0,2
2012 Summer Olympics,ETH,2,0,0,5,7
2012 Summer Olympics,FIN,1,0,0,2,3
2012 Summer Olympics,FRA,19,0,0,14,33
2012 Summer Olympics,GAB,1,0,0,0,1
2012 Summer Olympics,GBR,37,1,4,18,60
2012 Summer Olympics,GEO,6,0,0,0,6
2012 Summer Olympics,GER,24,0,4,13,41
2012 Summer Olympics,GRE,1,0,0,1,2
2012 Summer Olympics,GRN,1,0,0,0,1
2012 Summer Olympics,GUA,1,0,0,0,1
2012 Summer Olympics,HKG,0,0,0,1,1
2012 Summer Olympics,HUN,12,0,0,6,18
2012 Summer Olympics,INA,2,0,0,1,3
2012 Summer Olympics,IND,4,0,0,2,6
2012 Summer Olympics,IRI,13,0,0,0,13
2012 Summer Olympics,IRL,4,0,1,1,6
2012 Summer Olympics,ITA,19,0,0,7,26
2012 Summer Olympics,JAM,5,0,0,4,9
2012 Summer Olympics,JPN,18,0,0,16,34
2012 Summer Olympics,KAZ,7,0,0,4,11
2012 Summer Olympics,KEN,7,0,0,5,12
2012 Summer Olympics,KOR,20,0,0,7,27
2012 Summer Olympics,KSA,0,0,1,0,1
2012 Summer Olympics,KUW,1,0,0,0,1
2012 Summer Olympics,LAT,2,0,0,0,2
2012 Summer Olympics,LTU,2,0,0,3,5
2012 Summer Olympics,MAR,1,0,0,0,1
2012 Summer Olympics,MAS,1,0,0,1,2
2012 Summer Olympics,MEX,2,0,0,6,8
2012 Summer Olympics,MGL,4,0,0,1,5
2012 Summer Olympics,MNE,0,0,0,1,1
2012 Summer Olympics,NED,5,0,4,10,19
2012 Summer Olympics,NOR,3,0,0,1,4
2012 Summer Olympics,NZL,7,0,1,5,13
2012 Summer Olympics,POL,6,0,0,5,11
2012 Summer Olympics,POR,1,0,0,0,1
2012 Summer Olympics,PRK,4,0,0,3,7
2012 Summer Olympics,PUR,2,0,0,0,2
2012 Summer Olympics,QAT,2,0,0,0,2
2012 Summer Olympics,ROU,2,0,0,4,6
2012 Summer Olympics,RSA,3,0,0,2,5
2012 Summer Olympics,RUS,31,0,0,27,58
2012 Summer Olympics,SGP,0,0,0,1,1
2012 Summer Olympics,SLO,3,0,0,1,4
2012 Summer Olympics,SRB,2,0,0,2,4
2012 Summer Olympics,SUI,2,0,1,1,4
2012 Summer Olympics,SVK,2,0,0,2,4
2012 Summer Olympics,SWE,6,0,1,1,8
2012 Summer Olympics,THA,1,0,0,3,4
2012 Summer Olympics,TJK,0,0,0,1,1
2012 Summer Olympics,TPE,0,0,0,2,2
2012 Summer Olympics,TTO,4,0,0,0,4
2012 Summer Olympics,TUN,1,0,0,1,2
2012 Summer Olympics,TUR,2,0,0,1,3
2012 Summer Olympics,UGA,1,0,0,0,1
2012 Summer Olympics,UKR,8,0,0,9,17
2012 Summer Olympics,USA,39,1,0,51,91
2012 Summer Olympics,UZB,3,0,0,0,3
2012 Summer Olympics,VEN,1,0,0,0,1
2012 Summer Olympics,VIE,1,0,0,0,1
2014 Winter Olympics,AUS,1,0,0,2,3
2014 Winter Olympics,AUT,8,0,1,6,15
2014 Winter Olympics,BLR,1,0,0,3,4
2014 Winter Olympics,CAN,11,2,0,11,24
2014 Winter Olympics,CHN,3,0,0,5,8
2014 Winter Olympics,CRO,1,0,0,0,1
2014 Winter Olympics,CZE,2,1,0,4,7
2014 Winter Olympics,FIN,2,0,0,2,4
2014 Winter Olympics,FRA,10,0,0,3,13
2014 Winter Olympics,GBR,2,0,0,3,5
2014 Winter Olympics,GER,6,2,1,8,17
2014 Winter Olympics,ITA,2,1,0,3,6
2014 Winter Olympics,JPN,6,0,0,2,8
2014 Winter Olympics,KAZ,1,0,0,0,1
2014 Winter Olympics,KOR,1,0,0,5,6
2014 Winter Olympics,LAT,3,1,1,0,5
2014 Winter Olympics,NED,10,0,0,6,16
2014 Winter Olympics,NOR,12,1,0,9,22
2014 Winter Olympics,POL,3,0,0,2,5
2014 Winter Olympics,RUS,14,5,0,7,26
2014 Winter Olympics,SLO,2,0,0,3,5
2014 Winter Olympics,SUI,5,0,0,5,10
2014 Winter Olympics,SVK,0,0,0,1,1
2014 Winter Olympics,SWE,7,0,0,5,12
2014 Winter Olympics,UKR,0,0,0,2,2
2014 Winter Olympics,USA,13,1,0,13,27
2016 Summer Olympics,ALG,1,0,0,0,1
2016 Summer Olympics,ARG,2,1,0,1,4
2016 Summer Olympics,ARM,4,0,0,0,4
2016 Summer Olympics,AUS,15,1,1,12,29
2016 Summer Olympics,AUT,0,1,0,0,1
2016 Summer Olympics,AZE,14,0,0,4,18
2016 Summer Olympics,BAH,1,0,0,1,2
2016 Summer Olympics,BDI,0,0,0,1,1
2016 Summer Olympics,BEL,4,0,0,2,6
2016 Summer Olympics,BLR,5,0,0,4,9
2016 Summer Olympics,BRA,13,0,0,5,18
2016 Summer Olympics,BRN,0,0,0,2,2
2016 Summer Olympics,BUL,0,0,0,3,3
2016 Summer Olympics,CAN,4,0,1,14,19
2016 Summer Olympics,CHN,26,1,0,40,67
2016 Summer Olympics,CIV,1,0,0,1,2
2016 Summer Olympics,COL,4,0,0,4,8
2016 Summer Olympics,CRO,7,0,0,3,10
2016 Summer Olympics,CUB,9,0,0,2,11
2016 Summer Olympics,CZE,6,1,0,3,10
2016 Summer Olympics,DEN,7,0,0,8,15
2016 Summer Olympics,DOM,1,0,0,0,1
2016 Summer Olympics,EGY,1,0,0,2,3
2016 Summer Olympics,ESP,7,0,0,8,15
2016 Summer Olympics,EST,1,0,0,0,1
2016 Summer Olympics,ETH,3,0,0,4,7
2016 Summer Olympics,FIJ,1,0,0,0,1
2016 Summer Olympics,FIN,0,0,0,1,1
2016 Summer Olympics,FRA,27,0,3,11,41
2016 Summer Olympics,GBR,34,0,3,22,59
2016 Summer Olympics,GEO,7,0,0,0,7
2016 Summer Olympics,GER,19,0,5,14,38
2016 Summer Olympics,GRE,3,0,0,2,5
2016 Summer Olympics,GRN,1,0,0,0,1
2016 Summer Olympics,HUN,5,0,0,6,11
2016 Summer Olympics,INA,1,1,0,1,3
2016 Summer Olympics,IND,0,0,0,2,2
2016 Summer Olympics,IOA,2,0,0,0,2
2016 Summer Olympics,IRI,7,0,0,1,8
2016 Summer Olympics,IRL,1,0,0,1,2
2016 Summer Olympics,ISR,1,0,0,1,2
2016 Summer Olympics,ITA,16,0,0,10,26
2016 Summer Olympics,JAM,4,0,0,5,9
2016 Summer Olympics,JOR,1,0,0,0,1
2016 Summer Olympics,JPN,19,0,0,18,37
2016 Summer Olympics,KAZ,9,0,0,8,17
2016 Summer Olympics,KEN,6,0,0,6,12
2016 Summer Olympics,KOR,12,0,0,8,20
2016 Summer Olympics,KOS,0,0,0,1,1
2016 Summer Olympics,LTU,3,0,0,1,4
2016 Summer Olympics,MAR,1,0,0,0,1
2016 Summer Olympics,MAS,3,1,0,1,5
2016 Summer Olympics,MEX,3,0,0,2,5
2016 Summer Olympics,MGL,1,0,0,1,2
2016 Summer Olympics,NED,7,0,0,11,18
2016 Summer Olympics,NGR,1,0,0,0,1
2016 Summer Olympics,NIG,1,0,0,0,1
2016 Summer Olympics,NOR,3,0,0,1,4
2016 Summer Olympics,NZL,7,0,0,10,17
2016 Summer Olympics,PHI,0,0,0,1,1
2016 Summer Olympics,POL,3,0,0,8,11
2016 Summer Olympics,POR,0,0,0,1,1
2016 Summer Olympics,PRK,3,0,0,4,7
2016 Summer Olympics,PUR,0,0,0,1,1
2016 Summer Olympics,QAT,1,0,0,0,1
2016 Summer Olympics,ROU,2,0,0,2,4
2016 Summer Olympics,RSA,7,0,0,2,9
2016 Summer Olympics,RUS,26,0,0,27,53
2016 Summer Olympics,SGP,1,0,0,0,1
2016 Summer Olympics,SLO,2,0,0,2,4
2016 Summer Olympics,SRB,4,0,0,4,8
2016 Summer Olympics,SUI,3,0,0,4,7
2016 Summer Olympics,SVK,4,0,0,0,4
2016 Summer Olympics,SWE,2,0,1,6,9
2016 Summer Olympics,THA,2,0,0,4,6
2016 Summer Olympics,TJK,1,0,0,0,1
2016 Summer Olympics,TPE,0,0,0,3,3
2016 Summer Olympics,TTO,1,0,0,0,1
2016 Summer Olympics,TUN,1,0,0,2,3
2016 Summer Olympics,TUR,7,0,0,1,8
2016 Summer Olympics,UAE,1,0,0,0,1
2016 Summer Olympics,UKR,7,0,0,2,9
2016 Summer Olympics,USA,50,2,3,49,104
2016 Summer Olympics,UZB,13,0,0,0,13
2016 Summer Olympics,VEN,1,0,0,2,3
2016 Summer Olympics,VIE,1,0,0,0,1
2018 Winter Olympics,AUS,3,0,0,0,3
2018 Winter Olympics,AUT,7,2,1,3,13
2018 Winter Olympics,BEL,1,0,0,0,1
2018 Winter Olympics,BLR,0,0,0,2,2
2018 Winter Olympics,CAN,11,5,0,10,26
2018 Winter Olympics,CHN,3,1,0,4,8
2018 Winter Olympics,CZE,1,0,0,5,6
2018 Winter Olympics,ESP,2,0,0,0,2
2018 Winter Olympics,FIN,1,0,0,3,4
2018 Winter Olympics,FRA,6,2,0,5,13
2018 Winter Olympics,GBR,2,0,0,3,5
2018 Winter Olympics,GER,10,2,4,8,24
2018 Winter Olympics,HUN,1,0,0,0,1
2018 Winter Olympics,ITA,3,1,0,4,8
2018 Winter Olympics,JPN,5,0,0,5,10
2018 Winter Olympics,KAZ,0,0,0,1,1
2018 Winter Olympics,KOR,9,0,1,5,15
2018 Winter Olympics,LAT,1,0,0,0,1
2018 Winter Olympics,LIE,0,0,0,1,1
2018 Winter Olympics,NED,6,0,0,9,15
2018 Winter Olympics,NOR,17,3,0,7,27
2018 Winter Olympics,NZL,1,0,0,1,2
2018 Winter Olympics,POL,2,0,0,0,2
2018 Winter Olympics,ROC,9,1,0,5,15
2018 Winter Olympics,SLO,2,0,0,0,2
2018 Winter Olympics,SUI,6,2,0,5,13
2018 Winter Olympics,SVK,0,0,0,1,1
2018 Winter Olympics,SWE,4,0,0,7,11
2018 Winter Olympics,UKR,1,0,0,0,1
2018 Winter Olympics,USA,9,2,0,10,21
2020 Summer Olympics,ARG,2,0,0,1,3
2020 Summer Olympics,ARM,4,0,0,0,4
2020 Summer Olympics,AUS,20,2,2,15,39
2020 Summer Olympics,AUT,3,0,0,4,7
2020 Summer Olympics,AZE,4,0,0,3,7
2020 Summer Olympics,BAH,1,0,0,1,2
2020 Summer Olympics,BEL,4,0,1,2,7
2020 Summer Olympics,BER,0,0,0,1,1
2020 Summer Olympics,BLR,3,0,0,4,7
2020 Summer Olympics,BOT,1,0,0,0,1
2020 Summer Olympics,BRA,12,0,0,8,20
2020 Summer Olympics,BRN,0,0,0,1,1
2020 Summer Olympics,BUL,0,0,0,6,6
2020 Summer Olympics,BUR,1,0,0,0,1
2020 Summer Olympics,CAN,5,0,0,16,21
2020 Summer Olympics,CHN,33,6,0,43,82
2020 Summer Olympics,CIV,0,0,0,1,1
2020 Summer Olympics,COL,3,0,0,2,5
2020 Summer Olympics,CRO,7,0,0,1,8
2020 Summer Olympics,CUB,13,0,0,2,15
2020 Summer Olympics,CZE,9,0,0,2,11
2020 Summer Olympics,DEN,6,0,0,4,10
2020 Summer Olympics,DOM,2,1,0,2,5
2020 Summer Olympics,ECU,1,0,0,2,3
2020 Summer Olympics,EGY,3,0,0,3,6
2020 Summer Olympics,ESP,10,1,0,6,17
2020 Summer Olympics,EST,0,0,0,2,2
2020 Summer Olympics,ETH,2,0,0,2,4
2020 Summer Olympics,FIJ,1,0,0,1,2
2020 Summer Olympics,FIN,1,0,0,1,2
2020 Summer Olympics,FRA,15,2,1,14,32
2020 Summer Olympics,GBR,30,3,5,23,61
2020 Summer Olympics,GEO,8,0,0,0,8
2020 Summer Olympics,GER,18,2,4,12,36
2020 Summer Olympics,GHA,1,0,0,0,1
2020 Summer Olympics,GRE,4,0,0,0,4
2020 Summer Olympics,GRN,1,0,0,0,1
2020 Summer Olympics,HKG,1,0,0,4,5
2020 Summer Olympics,HUN,14,0,0,4,18
2020 Summer Olympics,INA,3,0,0,2,5
2020 Summer Olympics,IND,4,0,0,3,7
2020 Summer Olympics,IRI,7,0,0,0,7
2020 Summer Olympics,IRL,2,0,0,2,4
2020 Summer Olympics,ISR,1,1,0,2,4
2020 Summer Olympics,ITA,21,1,0,15,37
2020 Summer Olympics,JAM,2,0,0,6,8
2020 Summer Olympics,JOR,2,0,0,0,2
2020 Summer Olympics,JPN,23,3,0,29,55
2020 Summer Olympics,KAZ,6,0,0,2,8
2020 Summer Olympics,KEN,5,0,0,5,10
2020 Summer Olympics,KGZ,1,0,0,2,3
2020 Summer Olympics,KOR,11,1,0,8,20
2020 Summer Olympics,KOS,0,0,0,2,2
2020 Summer Olympics,KSA,1,0,0,0,1
2020 Summer Olympics,KUW,1,0,0,0,1
2020 Summer Olympics,LAT,2,0,0,0,2
2020 Summer Olympics,LTU,0,0,0,1,1
2020 Summer Olympics,MAR,1,0,0,0,1
2020 Summer Olympics,MAS,2,0,0,0,2
2020 Summer Olympics,MDA,1,0,0,0,1
2020 Summer Olympics,MEX,1,1,0,2,4
2020 Summer Olympics,MGL,2,0,0,2,4
2020 Summer Olympics,MKD,1,0,0,0,1
2020 Summer Olympics,NAM,0,0,0,1,1
2020 Summer Olympics,NED,10,1,1,18,30
2020 Summer Olympics,NGR,0,0,0,2,2
2020 Summer Olympics,NOR,7,0,0,1,8
2020 Summer Olympics,NZL,9,0,0,9,18
2020 Summer Olympics,PHI,2,0,0,2,4
2020 Summer Olympics,POL,5,1,0,8,14
2020 Summer Olympics,POR,3,0,0,1,4
2020 Summer Olympics,PUR,0,0,0,1,1
2020 Summer Olympics,QAT,3,0,0,0,3
2020 Summer Olympics,ROC,30,4,0,29,63
2020 Summer Olympics,ROU,2,0,0,2,4
2020 Summer Olympics,RSA,0,0,0,2,2
2020 Summer Olympics,SLO,3,0,0,2,5
2020 Summer Olympics,SMR,1,1,0,1,3
2020 Summer Olympics,SRB,5,0,0,4,9
2020 Summer Olympics,SUI,3,0,0,9,12
2020 Summer Olympics,SVK,3,0,0,1,4
2020 Summer Olympics,SWE,4,0,2,3,9
2020 Summer Olympics,SYR,1,0,0,0,1
2020 Summer Olympics,THA,0,0,0,2,2
2020 Summer Olympics,TKM,0,0,0,1,1
2020 Summer Olympics,TPE,5,1,0,6,12
2020 Summer Olympics,TUN,2,0,0,0,2
2020 Summer Olympics,TUR,8,0,0,5,13
2020 Summer Olympics,UGA,2,0,0,1,3
2020 Summer Olympics,UKR,6,1,0,10,17
2020 Summer Olympics,USA,36,4,2,57,99
2020 Summer Olympics,UZB,5,0,0,0,5
2020 Summer Olympics,VEN,3,0,0,1,4
2022 Winter Olympics,AUS,1,0,0,3,4
2022 Winter Olympics,AUT,8,2,1,5,16
2022 Winter Olympics,BEL,1,0,0,1,2
2022 Winter Olympics,BLR,1,0,0,1,2
2022 Winter Olympics,CAN,9,3,1,10,23
2022 Winter Olympics,CHN,6,3,0,3,12
2022 Winter Olympics,CZE,0,0,0,2,2
2022 Winter Olympics,ESP,0,0,0,1,1
2022 Winter Olympics,EST,0,0,0,1,1
2022 Winter Olympics,FIN,3,0,0,3,6
2022 Winter Olympics,FRA,6,2,0,4,12
2022 Winter Olympics,GBR,1,0,0,1,2
2022 Winter Olympics,GER,10,2,4,10,26
2022 Winter Olympics,HUN,1,1,0,0,2
2022 Winter Olympics,ITA,5,3,0,6,14
2022 Winter Olympics,JPN,8,1,0,5,14
2022 Winter Olympics,KOR,6,0,0,2,8
2022 Winter Olympics,LAT,0,1,0,0,1
2022 Winter Olympics,NED,3,0,0,7,10
2022 Winter Olympics,NOR,16,3,0,3,22
2022 Winter Olympics,NZL,1,0,0,1,2
2022 Winter Olympics,POL,1,0,0,0,1
2022 Winter Olympics,ROC,13,6,0,7,26
2022 Winter Olympics,SLO,3,1,0,3,7
2022 Winter Olympics,SUI,5,0,0,6,11
2022 Winter Olympics,SVK,1,0,0,1,2
2022 Winter Olympics,SWE,6,1,0,7,14
2022 Winter Olympics,UKR,1,0,0,0,1
2022 Winter Olympics,USA,8,4,0,11,23
2024 Summer Olympics,AIN,3,0,0,3,6
2024 Summer Olympics,ALB,2,0,0,0,2
2024 Summer Olympics,ALG,1,0,0,2,3
2024 Summer Olympics,ARG,2,0,0,17,19
2024 Summer Olympics,ARM,4,0,0,0,4
2024 Summer Olympics,AUS,38,0,0,57,95
2024 Summer Olympics,AUT,3,0,0,3,6
2024 Summer Olympics,AZE,7,0,0,0,7
2024 Summer Olympics,BEL,4,0,0,5,9
2024 Summer Olympics,BOT,6,0,0,0,6
2024 Summer Olympics,BRA,12,0,0,49,61
2024 Summer Olympics,BRN,2,0,0,2,4
2024 Summer Olympics,BUL,5,0,0,2,7
2024 Summer Olympics,CAN,15,0,0,37,52
2024 Summer Olympics,CHI,1,0,0,1,2
2024 Summer Olympics,CHN,41,0,0,90,131
2024 Summer Olympics,CIV,1,0,0,0,1
2024 Summer Olympics,COL,2,0,0,2,4
2024 Summer Olympics,CPV,1,0,0,0,1
2024 Summer Olympics,CRO,16,0,0,4,20
2024 Summer Olympics,CUB,6,0,0,3,9
2024 Summer Olympics,CYP,1,0,0,0,1
2024 Summer Olympics,CZE,7,0,0,2,9
2024 Summer Olympics,DEN,22,0,0,20,42
2024 Summer Olympics,DMA,0,0,0,1,1
2024 Summer Olympics,DOM,2,0,0,1,3
2024 Summer Olympics,ECU,1,0,0,4,5
2024 Summer Olympics,EGY,2,0,0,1,3
2024 Summer Olympics,EOR,0,0,0,1,1
2024 Summer Olympics,ESP,52,0,0,29,81
2024 Summer Olympics,ETH,2,0,0,2,4
2024 Summer Olympics,FIJ,14,0,0,0,14
2024 Summer Olympics,FRA,116,0,0,55,171
2024 Summer Olympics,GBR,72,0,0,68,140
2024 Summer Olympics,GEO,7,0,0,0,7
2024 Summer Olympics,GER,53,0,0,53,106
2024 Summer Olympics,GRE,8,0,0,2,10
2024 Summer Olympics,GRN,2,0,0,0,2
2024 Summer Olympics,GUA,1,0,0,1,2
2024 Summer Olympics,HKG,1,0,0,2,3
2024 Summer Olympics,HUN,17,0,0,8,25
2024 Summer Olympics,INA,2,0,0,1,3
2024 Summer Olympics,IND,20,0,0,1,21
2024 Summer Olympics,IRI,10,0,0,2,12
2024 Summer Olympics,IRL,6,0,0,2,8
2024 Summer Olympics,ISR,3,0,0,8,11
2024 Summer Olympics,ITA,38,0,0,43,81
2024 Summer Olympics,JAM,5,0,0,1,6
2024 Summer Olympics,JOR,1,0,0,0,1
2024 Summer Olympics,JPN,37,0,0,33,70
2024 Summer Olympics,KAZ,6,0,0,2,8
2024 Summer Olympics,KEN,4,0,0,5,9
2024 Summer Olympics,KGZ,4,0,0,2,6
2024 Summer Olympics,KOR,18,0,0,28,46
2024 Summer Olympics,KOS,0,0,0,2,2
2024 Summer Olympics,LCA,0,0,0,1,1
2024 Summer Olympics,LTU,5,0,0,2,7
2024 Summer Olympics,MAR,20,0,0,0,20
2024 Summer Olympics,MAS,3,0,0,0,3
2024 Summer Olympics,MDA,3,0,0,1,4
2024 Summer Olympics,MEX,3,0,0,4,7
2024 Summer Olympics,MGL,0,0,0,1,1
2024 Summer Olympics,NED,47,0,0,63,110
2024 Summer Olympics,NOR,5,0,0,18,23
2024 Summer Olympics,NZL,10,0,0,35,45
2024 Summer Olympics,PAK,1,0,0,0,1
2024 Summer Olympics,PAN,0,0,0,1,1
2024 Summer Olympics,PER,1,0,0,0,1
2024 Summer Olympics,PHI,1,0,0,2,3
2024 Summer Olympics,POL,17,0,0,11,28
2024 Summer Olympics,POR,3,0,0,1,4
2024 Summer Olympics,PRK,2,0,0,5,7
2024 Summer Olympics,PUR,1,0,0,1,2
2024 Summer Olympics,QAT,1,0,0,0,1
2024 Summer Olympics,ROU,3,0,0,13,16
2024 Summer Olympics,RSA,19,0,0,2,21
2024 Summer Olympics,SGP,1,0,0,0,1
2024 Summer Olympics,SLO,1,0,0,2,3
2024 Summer Olympics,SRB,27,0,0,2,29
2024 Summer Olympics,SUI,4,0,0,6,10
2024 Summer Olympics,SVK,1,0,0,0,1
2024 Summer Olympics,SWE,8,0,0,6,14
2024 Summer Olympics,THA,3,0,0,3,6
2024 Summer Olympics,TJK,3,0,0,0,3
2024 Summer Olympics,TPE,4,0,0,4,8
2024 Summer Olympics,TUN,3,0,0,0,3
2024 Summer Olympics,TUR,5,0,0,6,11
2024 Summer Olympics,UGA,1,0,0,1,2
2024 Summer Olympics,UKR,6,0,0,9,15
2024 Summer Olympics,USA,120,0,0,145,265
2024 Summer Olympics,UZB,11,0,0,2,13
2024 Summer Olympics,ZAM,1,0,0,0,1
